{
  "meta": {
    "name": "Open Data Ranking 2025",
    "description": "Dataset containing the data for the 16 federal states and the federal government of the Open Data Ranking Germany 2025",
    "author": "Open Knowledge Foundation Deutschland",
    "email": "opendata@okfn.de",
    "url": "https://www.OpenDataRanking.de",
    "license": "CC-BY-4.0",
    "created": "2025-07-31T10:00:00Z",
    "last_modified": "2025-08-01T11:45:00Z"
  },
  "name": "Berlin",
  "short": "BE",
  "criteria": [
    {
      "criterion-number": "1",
      "title": "Rechtsanspruch auf Open Data",
      "points": "0",
      "citations": {
        "text": "§2 OpenDataV",
        "link": "https://gesetze.berlin.de/perma?d=jlr-OpenDataBerVBEpP2"
      },
      "text": "Es gibt keinen Rechtsanspruch. Behörden sind zur Bereitstellung von in einem Katalog aufgeführten Daten verpflichtet, ein Anspruch besteht nicht"
    },
    {
      "criterion-number": "2",
      "title": "Gesetzeslage",
      "points": "2",
      "citations": {
        "text": "OpenDataV (2020)",
        "link": "https://gesetze.berlin.de/perma?a=OpenDataBerV_BE"
      },
      "text": "E-Government-Gesetz mit Open-Data-Verordnung"
    },
    {
      "criterion-number": "3",
      "title": "Evaluation",
      "points": "1",
      "citations": {
        "text": "keine Erwähnung"
      },
      "text": "Es gibt jährliche Fortschrittsberichte durch die zentrale OD Verantwortliche des Landes ohne gesetzliche Grundlage"
    },
    {
      "criterion-number": "4",
      "title": "Behördendefinition",
      "points": "3",
      "citations": {
        "text": "§2 OpenDataV",
        "link": "https://gesetze.berlin.de/perma?d=jlr-OpenDataBerVBEpP2"
      },
      "text": "Behörden der Berliner Verwaltung"
    },
    {
      "criterion-number": "5",
      "title": "Anstalten, Körperschaften, Unternehmen",
      "points": "2",
      "citations": {
        "text": "§2 OpenDataV",
        "link": "https://gesetze.berlin.de/perma?d=jlr-OpenDataBerVBEpP2"
      },
      "text": "Anstalten und Eigenbetriebe der Berliner Verwaltung"
    },
    {
      "criterion-number": "6",
      "title": "Forschungsdaten",
      "points": "1",
      "citations": {
        "text": "§4 Abs. 1, Satz 7 OpenDataV",
        "link": "https://gesetze.berlin.de/perma?d=jlr-OpenDataBerVBEpP4"
      },
      "text": "Nicht explizit für alle Forschungsdaten aber \"Ergebnisse von Messungen, Beobachtungen und sonstigen Erhebungen von Umwelteinwirkungen\""
    },
    {
      "criterion-number": "7",
      "title": "Ausnahmen",
      "points": "2",
      "citations": {
        "text": "§1 Abs. 2, 3 EGovG Bln",
        "link": "https://gesetze.berlin.de/perma?d=jlr-EGovGBEpP1"
      },
      "text": "Ausnahmen bei Justiz und Steuerverwaltung"
    },
    {
      "criterion-number": "8",
      "title": "Pauschale Ausschlusskriterien",
      "points": "0",
      "citations": {
        "text": "§5 Abs. 1 OpenDataV",
        "link": "https://gesetze.berlin.de/perma?d=jlr-OpenDataBerVBEpP5"
      },
      "text": "§5 Abs. 1 formuliert missverständlich, dass Informationen nicht bereitgestellt werden dürfen. Dabei geht es hier um Ausnahmen der Veröffentlichungspflicht, das heißt Informationen sollten freiwillig bereitgestellt werden können."
    },
    {
      "criterion-number": "9",
      "title": "Datenkatalog",
      "points": "2",
      "citations": {
        "text": "§4 OpenDataV",
        "link": "https://gesetze.berlin.de/perma?d=jlr-OpenDataBerVBEpP4"
      },
      "text": "Genaue Definition inklusive langer Auflistung von Datenbereichen in der OpenDataV"
    },
    {
      "criterion-number": "10",
      "title": "Rohdaten",
      "points": "1",
      "citations": {
        "text": "§13 EGovG Bln",
        "link": "https://gesetze.berlin.de/perma?d=jlr-EGovGBEV4P13"
      },
      "text": "Informationen, die Behörden in Erfüllung des öffentlichen Auftrags erstellt haben und maschinenlesbar darstellbar sind"
    },
    {
      "criterion-number": "11",
      "title": "Daten im Auftrag von Dritten",
      "points": "0",
      "citations": {
        "text": "keine Erwähnung"
      }
    },
    {
      "criterion-number": "12",
      "title": "Offenheit",
      "points": "1",
      "citations": {
        "text": "§3 Abs. 2 OpenDataV",
        "link": "https://gesetze.berlin.de/perma?d=jlr-OpenDataBerVBEpP3"
      }
    },
    {
      "criterion-number": "13",
      "title": "Maschinenlesbarkeit",
      "points": "1",
      "citations": {
        "text": "§4 Abs. 6 OpenDataV",
        "link": "https://gesetze.berlin.de/perma?d=jlr-OpenDataBerVBEpP4"
      }
    },
    {
      "criterion-number": "14",
      "title": "Aktualität",
      "points": "1",
      "citations": {
        "text": "§6 Abs. 5 OpenDataV",
        "link": "https://gesetze.berlin.de/perma?d=jlr-OpenDataBerVBEpP6"
      }
    },
    {
      "criterion-number": "15",
      "title": "Dauerhaftigkeit",
      "points": "0",
      "citations": {
        "text": "keine Erwähnung"
      }
    },
    {
      "criterion-number": "16",
      "title": "Lizenz",
      "points": "1",
      "citations": {
        "text": "§9 Abs. 1 OpenDataV",
        "link": "https://gesetze.berlin.de/perma?d=jlr-OpenDataBerVBEpP9"
      },
      "text": "Keine Lizenz genannt, aber \"frei zugänglich\""
    },
    {
      "criterion-number": "17",
      "title": "Schnittstellen",
      "points": "1",
      "citations": {
        "text": "§6 Abs. 1 OpenDataV",
        "link": "https://gesetze.berlin.de/perma?d=jlr-OpenDataBerVBEpP6"
      }
    },
    {
      "criterion-number": "18",
      "title": "Diskriminierungsfreiheit",
      "points": "0",
      "citations": {
        "text": "keine Erwähnung"
      }
    },
    {
      "criterion-number": "19",
      "title": "Kostenfreiheit",
      "points": "1",
      "citations": {
        "text": "§ 9 Abs. 1  OpenDataV",
        "link": "https://gesetze.berlin.de/perma?d=jlr-OpenDataBerVBEpP9"
      }
    },
    {
      "criterion-number": "20",
      "title": "Portal für Open Data",
      "points": "6",
      "citations": {
        "text": "Berlin Open Data (2011)",
        "link": "https://daten.berlin.de/"
      }
    },
    {
      "criterion-number": "21",
      "title": "Portal-Schnittstellen",
      "points": "3",
      "citations": {
        "text": "Ausführliche Schnittstellenbeschreibung",
        "link": "https://berlinonline.github.io/open-data-handbuch/#wege-der-ver%C3%B6ffentlichung"
      }
    },
    {
      "criterion-number": "22",
      "title": "API mit Dokumentation",
      "points": "2",
      "citations": {
        "text": "API mit Beschreibung; eingeschränkter Zugang",
        "link": "https://berlinonline.github.io/open-data-handbuch/#ckan-api-1"
      }
    },
    {
      "criterion-number": "23",
      "title": "SPARQL-Abfragen",
      "points": "0",
      "citations": {
        "text": "nicht vorhanden"
      }
    },
    {
      "criterion-number": "24",
      "title": "Aktualität der Daten",
      "points": "2",
      "citations": {
        "text": "weniger als 25 Prozent des Datenbestands aktualisiert",
        "link": "https://www.govdata.de/sparql-assistent#query=PREFIX%20rdf%3A%20%3Chttp%3A%2F%2Fwww.w3.org%2F1999%2F02%2F22-rdf-syntax-ns%23%3E%0APREFIX%20rdfs%3A%20%3Chttp%3A%2F%2Fwww.w3.org%2F2000%2F01%2Frdf-schema%23%3E%0APREFIX%20dct%3A%20%3Chttp%3A%2F%2Fpurl.org%2Fdc%2Fterms%2F%3E%0APREFIX%20dcat%3A%20%3Chttp%3A%2F%2Fwww.w3.org%2Fns%2Fdcat%23%3E%0APREFIX%20contributor%3A%20%3Chttp%3A%2F%2Fdcat-ap.de%2Fdef%2Fcontributors%2F%3E%0A%0A%20SELECT%20%0A%20%20(COUNT(DISTINCT%20%3Fdataset)%20AS%20%3Ftotal_datasets)%0A%0A%20%20WHERE%20%7B%0A%20%20%20%20%3Fdataset%20a%20dcat%3ADataset%20.%0A%20%20%20%20%3Fdataset%20%3FcontributorIDpredicate%20contributor%3AberlinOpenData%20.%0A%20%20%20%20%3Fdataset%20dct%3Amodified%20%3Fmodified%20.%0A%20%20%20%20FILTER(YEAR(%3Fmodified)%20%3D%202024)%20.%0A%0A%20%7D&endpoint=https%3A%2F%2Fwww.govdata.de%2Fsparql&requestMethod=GET&tabTitle=Query&headers=%7B%7D&contentTypeConstruct=text%2Fturtle%2C*%2F*%3Bq%3D0.9&contentTypeSelect=application%2Fsparql-results%2Bjson%2C*%2F*%3Bq%3D0.9&outputFormat=table"
      },
      "text": "Für den Vergleichszeitraum 2024 wurden 17,80% auf das Gesamtdatenvorkommen bezogen neu erstellt oder aktualisiert (254 von 1427)"
    },
    {
      "criterion-number": "25",
      "title": "Linked Data",
      "points": "2",
      "citations": {
        "text": "es wurden Linked Data veröffentlicht",
        "link": "https://www.govdata.de/sparql-assistent#query=PREFIX%20rdf%3A%20%3Chttp%3A%2F%2Fwww.w3.org%2F1999%2F02%2F22-rdf-syntax-ns%23%3E%0APREFIX%20rdfs%3A%20%3Chttp%3A%2F%2Fwww.w3.org%2F2000%2F01%2Frdf-schema%23%3E%0APREFIX%20dct%3A%20%3Chttp%3A%2F%2Fpurl.org%2Fdc%2Fterms%2F%3E%0APREFIX%20dcat%3A%20%3Chttp%3A%2F%2Fwww.w3.org%2Fns%2Fdcat%23%3E%0APREFIX%20contributor%3A%20%3Chttp%3A%2F%2Fdcat-ap.de%2Fdef%2Fcontributors%2F%3E%0A%0A%20SELECT%20%0A%20%20(COUNT(DISTINCT%20%3Fdataset)%20AS%20%3Ftotal_datasets)%0A%20%20(COUNT(DISTINCT%20%3FdatasetWithLD)%20AS%20%3FdatasetsWithLD)%0A%0A%0A%20%20WHERE%20%7B%0A%20%20%20%20%3Fdataset%20a%20dcat%3ADataset%20.%0A%20%20%20%20%3Fdataset%20%3FcontributorIDpredicate%20contributor%3AberlinOpenData%20.%0A%20%20%20%20%3Fdataset%20dct%3Amodified%20%3Fmodified%20.%0A%20%20%20%20FILTER(YEAR(%3Fmodified)%20%3D%202024)%20.%0A%0A%20%20%20OPTIONAL%20%7B%0A%20%20%20%20%20%20%3Fdataset%20dcat%3Adistribution%20%3Fdistribution1%20.%0A%20%20%20%20%20%20%3Fdistribution1%20dct%3Aformat%20%3Fformat%20.%0A%20%20%20%20FILTER((CONTAINS(LCASE(STR(%3Fformat))%2C%20%22rdf%22))%20%7C%7C%20(CONTAINS(LCASE(STR(%3Fformat))%2C%20%22turtle%22))%20%7C%7C%20(CONTAINS(LCASE(STR(%3Fformat))%2C%20%22n3%22)%7C%7C%20(CONTAINS(LCASE(STR(%3Fformat))%2C%20%22jsonld%22))))%0A%20%20%20%20%20%20BIND(%3Fdataset%20AS%20%3FdatasetWithLD)%0A%20%20%20%20%7D%0A%20%7D&endpoint=https%3A%2F%2Fwww.govdata.de%2Fsparql&requestMethod=GET&tabTitle=Query&headers=%7B%7D&contentTypeConstruct=text%2Fturtle%2C*%2F*%3Bq%3D0.9&contentTypeSelect=application%2Fsparql-results%2Bjson%2C*%2F*%3Bq%3D0.9&outputFormat=table"
      },
      "text": "Für den Vergleichszeitraum 2024 wurden 0,91% der neu erstellten Datensätze in einem Linked-Data-Format veröffentlicht (1 von 110)"
    },
    {
      "criterion-number": "26",
      "title": "Freie Lizenzen",
      "points": "4",
      "citations": {
        "text": "mehr als zwei Drittel der aktualisierten Daten steht unter freier Lizenz",
        "link": "https://www.govdata.de/sparql-assistent#query=PREFIX%20rdf%3A%20%3Chttp%3A%2F%2Fwww.w3.org%2F1999%2F02%2F22-rdf-syntax-ns%23%3E%0APREFIX%20rdfs%3A%20%3Chttp%3A%2F%2Fwww.w3.org%2F2000%2F01%2Frdf-schema%23%3E%0APREFIX%20dct%3A%20%3Chttp%3A%2F%2Fpurl.org%2Fdc%2Fterms%2F%3E%0APREFIX%20dcat%3A%20%3Chttp%3A%2F%2Fwww.w3.org%2Fns%2Fdcat%23%3E%0APREFIX%20contributor%3A%20%3Chttp%3A%2F%2Fdcat-ap.de%2Fdef%2Fcontributors%2F%3E%0A%0A%20SELECT%20%0A%20%20(COUNT(DISTINCT%20%3Fdataset)%20AS%20%3Ftotal_datasets)%0A%20%20(COUNT(DISTINCT%20%3FdatasetWithZeroLicense)%20AS%20%3FdatasetsWithZeroLicense)%0A%20%20(COUNT(DISTINCT%20%3FdatasetWithByLicense)%20AS%20%3FdatasetsWithByLicense)%0A%20%20(COUNT(DISTINCT%20%3FdatasetWithOWLicense)%20AS%20%3FdatasetsWithOWLicense)%0A%20%20(COUNT(DISTINCT%20%3FdatasetWithClosedLicense)%20AS%20%3FdatasetsWithClosedLicense)%0A%0A%0A%20%20WHERE%20%7B%0A%20%20%20%20%3Fdataset%20a%20dcat%3ADataset%20.%0A%20%20%20%20%3Fdataset%20%3FcontributorIDpredicate%20contributor%3AberlinOpenData%20.%0A%20%20%20%20%3Fdataset%20dct%3Amodified%20%3Fmodified%20.%0A%20%20%20%20FILTER(YEAR(%3Fmodified)%20%3D%202024)%20.%0A%0A%20%20%20%20OPTIONAL%20%7B%0A%20%20%20%20%20%20%3Fdataset%20dcat%3Adistribution%20%3Fdistribution2%20.%0A%20%20%20%20%20%20%3Fdistribution2%20dct%3Alicense%20%3Flicense%20.%0A%20%20%20%20%20%20FILTER(CONTAINS(LCASE(STR(%3Flicense))%2C%20%22zero%22))%0A%20%20%20%20%20%20BIND(%3Fdataset%20AS%20%3FdatasetWithZeroLicense)%0A%20%20%20%20%7D%0A%20%20OPTIONAL%20%7B%0A%20%20%20%20%20%20%3Fdataset%20dcat%3Adistribution%20%3Fdistribution2%20.%0A%20%20%20%20%20%20%3Fdistribution2%20dct%3Alicense%20%3Flicense%20.%0A%20%20%20%20%20%20FILTER(CONTAINS(LCASE(STR(%3Flicense))%2C%20%22by%22))%0A%20%20%20%20%20%20BIND(%3Fdataset%20AS%20%3FdatasetWithByLicense)%0A%20%20%20%20%7D%0A%20%20%20%20OPTIONAL%20%7B%0A%20%20%20%20%3Fdataset%20dcat%3Adistribution%20%3Fdistribution%20.%0A%20%20%20%20%3Fdistribution%20dct%3Alicense%20%3Chttp%3A%2F%2Fdcat-ap.de%2Fdef%2Flicenses%2FofficialWork%3E%20.%0A%20%20%20%20BIND(%3Fdataset%20AS%20%3FdatasetWithOWLicense)%0A%20%20%7D%0A%0A%20%20%20%20OPTIONAL%20%7B%0A%20%20%20%20%20%20%3Fdataset%20dcat%3Adistribution%20%3Fdistribution2%20.%0A%20%20%20%20%20%20%3Fdistribution2%20dct%3Alicense%20%3Flicense%20.%0A%20%20%20%20%20%20FILTER(CONTAINS(LCASE(STR(%3Flicense))%2C%20%22closed%22))%0A%20%20%20%20%20%20BIND(%3Fdataset%20AS%20%3FdatasetWithClosedLicense)%0A%20%20%20%20%7D%0A%20%7D&endpoint=https%3A%2F%2Fwww.govdata.de%2Fsparql&requestMethod=GET&tabTitle=Query&headers=%7B%7D&contentTypeConstruct=text%2Fturtle%2C*%2F*%3Bq%3D0.9&contentTypeSelect=application%2Fsparql-results%2Bjson%2C*%2F*%3Bq%3D0.9&outputFormat=table"
      },
      "text": "Für den Vergleichszeitraum 2024 wurden 90,94% der aktualisierten oder neuen Datensätze mit Zero bzw. BY-Lizenz versehen oder waren lizenzfrei (231 von 254)"
    },
    {
      "criterion-number": "27",
      "title": "Hochwertige Datensätze",
      "points": "0",
      "citations": {
        "text": "keine HVD",
        "link": "https://www.govdata.de/sparql-assistent#query=PREFIX%20rdf%3A%20%3Chttp%3A%2F%2Fwww.w3.org%2F1999%2F02%2F22-rdf-syntax-ns%23%3E%0APREFIX%20rdfs%3A%20%3Chttp%3A%2F%2Fwww.w3.org%2F2000%2F01%2Frdf-schema%23%3E%0APREFIX%20dct%3A%20%3Chttp%3A%2F%2Fpurl.org%2Fdc%2Fterms%2F%3E%0APREFIX%20dcat%3A%20%3Chttp%3A%2F%2Fwww.w3.org%2Fns%2Fdcat%23%3E%0APREFIX%20contributor%3A%20%3Chttp%3A%2F%2Fdcat-ap.de%2Fdef%2Fcontributors%2F%3E%0APREFIX%20dcatap%3A%20%3Chttp%3A%2F%2Fdata.europa.eu%2Fr5r%2F%3E%0A%0ASELECT%20%0A%20%20%3Fcategory%20%0A%20%20(COUNT(DISTINCT%20%3Fdataset)%20AS%20%3FdatasetCount)%0A%20%20(%3FtotalCount%20AS%20%3FtotalDatasetCount)%0AWHERE%20%7B%0A%20%20%23%20Main%20query%20for%20per-category%20counts%0A%20%20%3Fdataset%20a%20dcat%3ADataset%20.%0A%20%20%3Fdataset%20%3FcontributorIDpredicate%20contributor%3AberlinOpenData%20.%0A%20%20%3Fdataset%20dct%3Amodified%20%3Fmodified%20.%0A%20%20FILTER(YEAR(%3Fmodified)%20%3D%202024)%20.%0A%20%20%3Fdataset%20dcatap%3AhvdCategory%20%3Fcategory%20.%0A%20%20%0A%20%20%23%20Subquery%20for%20total%20count%20across%20all%20categories%0A%20%20%7B%0A%20%20%20%20SELECT%20(COUNT(DISTINCT%20%3Fdataset)%20AS%20%3FtotalCount)%0A%20%20%20%20WHERE%20%7B%0A%20%20%20%20%20%20%3Fdataset%20a%20dcat%3ADataset%20.%0A%20%20%20%20%20%20%3Fdataset%20%3FcontributorIDpredicate%20contributor%3AberlinOpenData%20.%0A%20%20%20%20%20%20%3Fdataset%20dct%3Amodified%20%3Fmodified%20.%0A%20%20%20%20%20%20FILTER(YEAR(%3Fmodified)%20%3D%202024)%20.%0A%20%20%20%20%20%20%3Fdataset%20dcatap%3AhvdCategory%20%3Fcategory%20.%0A%20%20%20%20%7D%0A%20%20%7D%0A%7D%0AGROUP%20BY%20%3Fcategory%20%3FtotalCount&endpoint=https%3A%2F%2Fwww.govdata.de%2Fsparql&requestMethod=GET&tabTitle=Query&headers=%7B%7D&contentTypeConstruct=text%2Fturtle%2C*%2F*%3Bq%3D0.9&contentTypeSelect=application%2Fsparql-results%2Bjson%2C*%2F*%3Bq%3D0.9&outputFormat=table"
      },
      "text": "Für den Vergleichszeitraum 2024 gab es keine Hochwertigen Datensätze"
    },
    {
      "criterion-number": "28",
      "title": "Open-Data-Beauftragte",
      "points": "2",
      "citations": {
        "text": "§13 Abs. 1 EGovG Bln",
        "link": "https://gesetze.berlin.de/perma?d=jlr-EGovGBEpP13"
      }
    },
    {
      "criterion-number": "29",
      "title": "Open-Data-Beratungsstelle",
      "points": "1",
      "citations": {
        "text": "Open Data Informationsstelle Berlin (ODIS)",
        "link": "https://odis-berlin.de/"
      },
      "text": "keine gesetzliche Grundlage, bei der Technologiestiftung Berlin verankert"
    },
    {
      "criterion-number": "30",
      "title": "Open-Data-Labore",
      "points": "2",
      "citations": {
        "text": "ODIS Berlin",
        "link": "https://odis-berlin.de/"
      },
      "text": "ODIS Berlin mit vielen Datenprojekten und Prototypen"
    },
    {
      "criterion-number": "31",
      "title": "Unterstützungsangebote für Kommunen",
      "points": "2",
      "citations": {
        "text": "über die ODIS Berlin",
        "link": "https://odis-berlin.de/ueber-odis"
      }
    },
    {
      "criterion-number": "32",
      "title": "Öffentlichkeitsarbeit",
      "points": "2",
      "citations": {
        "text": "ODIS/Berlin Open Data",
        "link": "https://daten.berlin.de/interaktion"
      },
      "text": "Umfassende Öffentlichkeitsarbeit mit unterschiedlichen Webseiten und Community-Formaten"
    },
    {
      "criterion-number": "33",
      "title": "API/Schnittstelle",
      "points": "0",
      "citations": {
        "text": "keine API",
        "link": "https://www.parlament-berlin.de/dokumente/plenarmaterialien"
      }
    },
    {
      "criterion-number": "34",
      "title": "Maschinenlesbarkeit von Plenarprotokollen",
      "points": "0",
      "citations": {
        "text": "keine maschinenlesbare Protokolle",
        "link": "https://www.parlament-berlin.de/dokumente/plenarmaterialien"
      }
    },
    {
      "criterion-number": "35",
      "title": "Aktualität von Plenarprotokollen",
      "points": "1",
      "citations": {
        "text": "Veröffentlichung innerhalb einer Woche",
        "link": "https://www.parlament-berlin.de/dokumente/plenarmaterialien"
      }
    }
  ],
  "stats": [
    {
      "update": "2025-01-15",
      "text": "Datensätze bei GovData gesamt",
      "value": 1427,
      "link": "https://www.govdata.de/sparql-assistent#query=PREFIX%20rdf%3A%20%3Chttp%3A%2F%2Fwww.w3.org%2F1999%2F02%2F22-rdf-syntax-ns%23%3E%0APREFIX%20rdfs%3A%20%3Chttp%3A%2F%2Fwww.w3.org%2F2000%2F01%2Frdf-schema%23%3E%0APREFIX%20dct%3A%20%3Chttp%3A%2F%2Fpurl.org%2Fdc%2Fterms%2F%3E%0APREFIX%20dcat%3A%20%3Chttp%3A%2F%2Fwww.w3.org%2Fns%2Fdcat%23%3E%0APREFIX%20foaf%3A%20%3Chttp%3A%2F%2Fxmlns.com%2Ffoaf%2F0.1%2F%3E%0APREFIX%20contributor%3A%20%3Chttp%3A%2F%2Fdcat-ap.de%2Fdef%2Fcontributors%2F%3E%0A%0ASELECT%20%0A%20%20(COUNT(DISTINCT%20%3Fdataset)%20AS%20%3Ftotal_datasets)%0A%20%20(COUNT(DISTINCT%20%3Fname)%20AS%20%3Ftotal_unique_publishers)%0AWHERE%20%7B%0A%20%20%3Fdataset%20a%20dcat%3ADataset%20.%0A%20%20%3Fdataset%20dct%3Apublisher%20%3Fpublisher%20.%0A%20%20%3Fpublisher%20foaf%3Aname%20%3Fname%20.%0A%20%20%3Fdataset%20%3FcontributorIDpredicate%20contributor%3AberlinOpenData%20.%0A%7D%0A&endpoint=https%3A%2F%2Fwww.govdata.de%2Fsparql&requestMethod=GET&tabTitle=Query&headers=%7B%7D&contentTypeConstruct=text%2Fturtle%2C*%2F*%3Bq%3D0.9&contentTypeSelect=application%2Fsparql-results%2Bjson%2C*%2F*%3Bq%3D0.9&outputFormat=table"
    },
    {
      "update": "2025-01-15",
      "text": "Datensätze 2024 aktualisiert gesamt",
      "value": 254,
      "link": "https://www.govdata.de/sparql-assistent#query=PREFIX%20rdf%3A%20%3Chttp%3A%2F%2Fwww.w3.org%2F1999%2F02%2F22-rdf-syntax-ns%23%3E%0APREFIX%20rdfs%3A%20%3Chttp%3A%2F%2Fwww.w3.org%2F2000%2F01%2Frdf-schema%23%3E%0APREFIX%20dct%3A%20%3Chttp%3A%2F%2Fpurl.org%2Fdc%2Fterms%2F%3E%0APREFIX%20dcat%3A%20%3Chttp%3A%2F%2Fwww.w3.org%2Fns%2Fdcat%23%3E%0APREFIX%20contributor%3A%20%3Chttp%3A%2F%2Fdcat-ap.de%2Fdef%2Fcontributors%2F%3E%0A%0A%20SELECT%20%0A%20%20(COUNT(DISTINCT%20%3Fdataset)%20AS%20%3Ftotal_datasets)%0A%0A%20%20WHERE%20%7B%0A%20%20%20%20%3Fdataset%20a%20dcat%3ADataset%20.%0A%20%20%20%20%3Fdataset%20%3FcontributorIDpredicate%20contributor%3AberlinOpenData%20.%0A%20%20%20%20%3Fdataset%20dct%3Amodified%20%3Fmodified%20.%0A%20%20%20%20FILTER(YEAR(%3Fmodified)%20%3D%202024)%20.%0A%0A%20%7D&endpoint=https%3A%2F%2Fwww.govdata.de%2Fsparql&requestMethod=GET&tabTitle=Query&headers=%7B%7D&contentTypeConstruct=text%2Fturtle%2C*%2F*%3Bq%3D0.9&contentTypeSelect=application%2Fsparql-results%2Bjson%2C*%2F*%3Bq%3D0.9&outputFormat=table"
    },
    {
      "update": "2025-01-15",
      "text": "Datensätze 2024 neu erstellt gesamt",
      "value": 110,
      "link": "https://www.govdata.de/sparql-assistent#query=PREFIX%20rdf%3A%20%3Chttp%3A%2F%2Fwww.w3.org%2F1999%2F02%2F22-rdf-syntax-ns%23%3E%0APREFIX%20rdfs%3A%20%3Chttp%3A%2F%2Fwww.w3.org%2F2000%2F01%2Frdf-schema%23%3E%0APREFIX%20dct%3A%20%3Chttp%3A%2F%2Fpurl.org%2Fdc%2Fterms%2F%3E%0APREFIX%20dcat%3A%20%3Chttp%3A%2F%2Fwww.w3.org%2Fns%2Fdcat%23%3E%0APREFIX%20contributor%3A%20%3Chttp%3A%2F%2Fdcat-ap.de%2Fdef%2Fcontributors%2F%3E%0A%0A%20SELECT%20%0A%20%20(COUNT(DISTINCT%20%3Fdataset)%20AS%20%3Ftotal_datasets)%0A%0A%20%20WHERE%20%7B%0A%20%20%20%20%3Fdataset%20a%20dcat%3ADataset%20.%0A%20%20%20%20%3Fdataset%20%3FcontributorIDpredicate%20contributor%3AberlinOpenData%20.%0A%20%20%20%20%3Fdataset%20dct%3Aissued%20%3Fissued%20.%0A%20%20%20%20FILTER(YEAR(%3Fissued)%20%3D%202024)%20.%0A%0A%20%7D&endpoint=https%3A%2F%2Fwww.govdata.de%2Fsparql&requestMethod=GET&tabTitle=Query&headers=%7B%7D&contentTypeConstruct=text%2Fturtle%2C*%2F*%3Bq%3D0.9&contentTypeSelect=application%2Fsparql-results%2Bjson%2C*%2F*%3Bq%3D0.9&outputFormat=table"
    },
    {
      "update": "2025-01-15",
      "text": "Hochwertige Datensätze 2024 aktualisiert gesamt",
      "value": 0,
      "link": "https://www.govdata.de/sparql-assistent#query=PREFIX%20rdf%3A%20%3Chttp%3A%2F%2Fwww.w3.org%2F1999%2F02%2F22-rdf-syntax-ns%23%3E%0APREFIX%20rdfs%3A%20%3Chttp%3A%2F%2Fwww.w3.org%2F2000%2F01%2Frdf-schema%23%3E%0APREFIX%20dct%3A%20%3Chttp%3A%2F%2Fpurl.org%2Fdc%2Fterms%2F%3E%0APREFIX%20dcat%3A%20%3Chttp%3A%2F%2Fwww.w3.org%2Fns%2Fdcat%23%3E%0APREFIX%20contributor%3A%20%3Chttp%3A%2F%2Fdcat-ap.de%2Fdef%2Fcontributors%2F%3E%0APREFIX%20dcatap%3A%20%3Chttp%3A%2F%2Fdata.europa.eu%2Fr5r%2F%3E%0A%0ASELECT%20%0A%20%20%3Fcategory%20%0A%20%20(COUNT(DISTINCT%20%3Fdataset)%20AS%20%3FdatasetCount)%0A%20%20(%3FtotalCount%20AS%20%3FtotalDatasetCount)%0AWHERE%20%7B%0A%20%20%23%20Main%20query%20for%20per-category%20counts%0A%20%20%3Fdataset%20a%20dcat%3ADataset%20.%0A%20%20%3Fdataset%20%3FcontributorIDpredicate%20contributor%3AberlinOpenData%20.%0A%20%20%3Fdataset%20dct%3Amodified%20%3Fmodified%20.%0A%20%20FILTER(YEAR(%3Fmodified)%20%3D%202024)%20.%0A%20%20%3Fdataset%20dcatap%3AhvdCategory%20%3Fcategory%20.%0A%20%20%0A%20%20%23%20Subquery%20for%20total%20count%20across%20all%20categories%0A%20%20%7B%0A%20%20%20%20SELECT%20(COUNT(DISTINCT%20%3Fdataset)%20AS%20%3FtotalCount)%0A%20%20%20%20WHERE%20%7B%0A%20%20%20%20%20%20%3Fdataset%20a%20dcat%3ADataset%20.%0A%20%20%20%20%20%20%3Fdataset%20%3FcontributorIDpredicate%20contributor%3AberlinOpenData%20.%0A%20%20%20%20%20%20%3Fdataset%20dct%3Amodified%20%3Fmodified%20.%0A%20%20%20%20%20%20FILTER(YEAR(%3Fmodified)%20%3D%202024)%20.%0A%20%20%20%20%20%20%3Fdataset%20dcatap%3AhvdCategory%20%3Fcategory%20.%0A%20%20%20%20%7D%0A%20%20%7D%0A%7D%0AGROUP%20BY%20%3Fcategory%20%3FtotalCount&endpoint=https%3A%2F%2Fwww.govdata.de%2Fsparql&requestMethod=GET&tabTitle=Query&headers=%7B%7D&contentTypeConstruct=text%2Fturtle%2C*%2F*%3Bq%3D0.9&contentTypeSelect=application%2Fsparql-results%2Bjson%2C*%2F*%3Bq%3D0.9&outputFormat=table"
    },
    {
      "update": "2025-01-15",
      "text": "Datensätze 2024 aktualisiert in Formaten CSV/XML/JSON",
      "value": 24,
      "link": "https://www.govdata.de/sparql-assistent#query=PREFIX%20rdf%3A%20%3Chttp%3A%2F%2Fwww.w3.org%2F1999%2F02%2F22-rdf-syntax-ns%23%3E%0APREFIX%20rdfs%3A%20%3Chttp%3A%2F%2Fwww.w3.org%2F2000%2F01%2Frdf-schema%23%3E%0APREFIX%20dct%3A%20%3Chttp%3A%2F%2Fpurl.org%2Fdc%2Fterms%2F%3E%0APREFIX%20dcat%3A%20%3Chttp%3A%2F%2Fwww.w3.org%2Fns%2Fdcat%23%3E%0APREFIX%20contributor%3A%20%3Chttp%3A%2F%2Fdcat-ap.de%2Fdef%2Fcontributors%2F%3E%0A%0A%20SELECT%20%0A%20%20(COUNT(DISTINCT%20%3Fdataset)%20AS%20%3Ftotal_datasets)%0A%20%20(COUNT(DISTINCT%20%3FdatasetWithPDF)%20AS%20%3FdatasetsWithPDF)%0A%20%20(COUNT(DISTINCT%20%3FdatasetWithXLS)%20AS%20%3FdatasetsWithXLS)%0A%20%20(COUNT(DISTINCT%20%3FdatasetWithCSVXMLJSON)%20AS%20%3FdatasetsWithCSVXMLJSON)%0A%0A%0A%20%20WHERE%20%7B%0A%20%20%20%20%3Fdataset%20a%20dcat%3ADataset%20.%0A%20%20%20%20%3Fdataset%20%3FcontributorIDpredicate%20contributor%3AberlinOpenData%20.%0A%20%20%20%20%3Fdataset%20dct%3Amodified%20%3Fmodified%20.%0A%20%20%20%20FILTER(YEAR(%3Fmodified)%20%3D%202024)%20.%0A%0A%20%20%20%20OPTIONAL%20%7B%0A%20%20%20%20%20%20%3Fdataset%20dcat%3Adistribution%20%3Fdistribution1%20.%0A%20%20%20%20%20%20%3Fdistribution1%20dct%3Aformat%20%3Fformat%20.%0A%20%20%20%20%20%20FILTER(CONTAINS(LCASE(STR(%3Fformat))%2C%20%22pdf%22))%0A%20%20%20%20%20%20BIND(%3Fdataset%20AS%20%3FdatasetWithPDF)%0A%20%20%20%20%7D%0A%20%20%20%20OPTIONAL%20%7B%0A%20%20%20%20%20%20%3Fdataset%20dcat%3Adistribution%20%3Fdistribution1%20.%0A%20%20%20%20%20%20%3Fdistribution1%20dct%3Aformat%20%3Fformat%20.%0A%20%20%20%20%20%20FILTER(CONTAINS(LCASE(STR(%3Fformat))%2C%20%22xls%22))%0A%20%20%20%20%20%20BIND(%3Fdataset%20AS%20%3FdatasetWithXLS)%0A%20%20%20%20%7D%0A%20%20%20%20OPTIONAL%20%7B%0A%20%20%20%20%20%20%3Fdataset%20dcat%3Adistribution%20%3Fdistribution1%20.%0A%20%20%20%20%20%20%3Fdistribution1%20dct%3Aformat%20%3Fformat%20.%0A%20%20%20%20%20%20FILTER(CONTAINS(LCASE(STR(%3Fformat))%2C%20%22csv%22)%7C%7C%20CONTAINS(LCASE(STR(%3Fformat))%2C%20%22xml%22)%20%7C%7C%20CONTAINS(LCASE(STR(%3Fformat))%2C%20%22json%22))%0A%20%20%20%20%20%20BIND(%3Fdataset%20AS%20%3FdatasetWithCSVXMLJSON)%0A%20%20%20%20%7D%0A%20%7D&endpoint=https%3A%2F%2Fwww.govdata.de%2Fsparql&requestMethod=GET&tabTitle=Query&headers=%7B%7D&contentTypeConstruct=text%2Fturtle%2C*%2F*%3Bq%3D0.9&contentTypeSelect=application%2Fsparql-results%2Bjson%2C*%2F*%3Bq%3D0.9&outputFormat=table"
    },
    {
      "update": "2025-01-15",
      "text": "Datensätze 2024 in Linked-Data-Formaten bereitgestellt",
      "value": 1,
      "link": "https://www.govdata.de/sparql-assistent#query=PREFIX%20rdf%3A%20%3Chttp%3A%2F%2Fwww.w3.org%2F1999%2F02%2F22-rdf-syntax-ns%23%3E%0APREFIX%20rdfs%3A%20%3Chttp%3A%2F%2Fwww.w3.org%2F2000%2F01%2Frdf-schema%23%3E%0APREFIX%20dct%3A%20%3Chttp%3A%2F%2Fpurl.org%2Fdc%2Fterms%2F%3E%0APREFIX%20dcat%3A%20%3Chttp%3A%2F%2Fwww.w3.org%2Fns%2Fdcat%23%3E%0APREFIX%20contributor%3A%20%3Chttp%3A%2F%2Fdcat-ap.de%2Fdef%2Fcontributors%2F%3E%0A%0A%20SELECT%20%0A%20%20(COUNT(DISTINCT%20%3Fdataset)%20AS%20%3Ftotal_datasets)%0A%20%20(COUNT(DISTINCT%20%3FdatasetWithLD)%20AS%20%3FdatasetsWithLD)%0A%0A%0A%20%20WHERE%20%7B%0A%20%20%20%20%3Fdataset%20a%20dcat%3ADataset%20.%0A%20%20%20%20%3Fdataset%20%3FcontributorIDpredicate%20contributor%3AberlinOpenData%20.%0A%20%20%20%20%3Fdataset%20dct%3Amodified%20%3Fmodified%20.%0A%20%20%20%20FILTER(YEAR(%3Fmodified)%20%3D%202024)%20.%0A%0A%20%20%20OPTIONAL%20%7B%0A%20%20%20%20%20%20%3Fdataset%20dcat%3Adistribution%20%3Fdistribution1%20.%0A%20%20%20%20%20%20%3Fdistribution1%20dct%3Aformat%20%3Fformat%20.%0A%20%20%20%20FILTER((CONTAINS(LCASE(STR(%3Fformat))%2C%20%22rdf%22))%20%7C%7C%20(CONTAINS(LCASE(STR(%3Fformat))%2C%20%22turtle%22))%20%7C%7C%20(CONTAINS(LCASE(STR(%3Fformat))%2C%20%22n3%22)%7C%7C%20(CONTAINS(LCASE(STR(%3Fformat))%2C%20%22jsonld%22))))%0A%20%20%20%20%20%20BIND(%3Fdataset%20AS%20%3FdatasetWithLD)%0A%20%20%20%20%7D%0A%20%7D&endpoint=https%3A%2F%2Fwww.govdata.de%2Fsparql&requestMethod=GET&tabTitle=Query&headers=%7B%7D&contentTypeConstruct=text%2Fturtle%2C*%2F*%3Bq%3D0.9&contentTypeSelect=application%2Fsparql-results%2Bjson%2C*%2F*%3Bq%3D0.9&outputFormat=table"
    },
    {
      "update": "2025-01-15",
      "text": "Datensätze 2024 aktualisiert mit Zero-Lizenz oder lizenzfrei",
      "value": 8,
      "link": "https://www.govdata.de/sparql-assistent#query=PREFIX%20rdf%3A%20%3Chttp%3A%2F%2Fwww.w3.org%2F1999%2F02%2F22-rdf-syntax-ns%23%3E%0APREFIX%20rdfs%3A%20%3Chttp%3A%2F%2Fwww.w3.org%2F2000%2F01%2Frdf-schema%23%3E%0APREFIX%20dct%3A%20%3Chttp%3A%2F%2Fpurl.org%2Fdc%2Fterms%2F%3E%0APREFIX%20dcat%3A%20%3Chttp%3A%2F%2Fwww.w3.org%2Fns%2Fdcat%23%3E%0APREFIX%20contributor%3A%20%3Chttp%3A%2F%2Fdcat-ap.de%2Fdef%2Fcontributors%2F%3E%0A%0A%20SELECT%20%0A%20%20(COUNT(DISTINCT%20%3Fdataset)%20AS%20%3Ftotal_datasets)%0A%20%20(COUNT(DISTINCT%20%3FdatasetWithZeroLicense)%20AS%20%3FdatasetsWithZeroLicense)%0A%20%20(COUNT(DISTINCT%20%3FdatasetWithByLicense)%20AS%20%3FdatasetsWithByLicense)%0A%20%20(COUNT(DISTINCT%20%3FdatasetWithOWLicense)%20AS%20%3FdatasetsWithOWLicense)%0A%20%20(COUNT(DISTINCT%20%3FdatasetWithClosedLicense)%20AS%20%3FdatasetsWithClosedLicense)%0A%0A%0A%20%20WHERE%20%7B%0A%20%20%20%20%3Fdataset%20a%20dcat%3ADataset%20.%0A%20%20%20%20%3Fdataset%20%3FcontributorIDpredicate%20contributor%3AberlinOpenData%20.%0A%20%20%20%20%3Fdataset%20dct%3Amodified%20%3Fmodified%20.%0A%20%20%20%20FILTER(YEAR(%3Fmodified)%20%3D%202024)%20.%0A%0A%20%20%20%20OPTIONAL%20%7B%0A%20%20%20%20%20%20%3Fdataset%20dcat%3Adistribution%20%3Fdistribution2%20.%0A%20%20%20%20%20%20%3Fdistribution2%20dct%3Alicense%20%3Flicense%20.%0A%20%20%20%20%20%20FILTER(CONTAINS(LCASE(STR(%3Flicense))%2C%20%22zero%22))%0A%20%20%20%20%20%20BIND(%3Fdataset%20AS%20%3FdatasetWithZeroLicense)%0A%20%20%20%20%7D%0A%20%20OPTIONAL%20%7B%0A%20%20%20%20%20%20%3Fdataset%20dcat%3Adistribution%20%3Fdistribution2%20.%0A%20%20%20%20%20%20%3Fdistribution2%20dct%3Alicense%20%3Flicense%20.%0A%20%20%20%20%20%20FILTER(CONTAINS(LCASE(STR(%3Flicense))%2C%20%22by%22))%0A%20%20%20%20%20%20BIND(%3Fdataset%20AS%20%3FdatasetWithByLicense)%0A%20%20%20%20%7D%0A%20%20%20%20OPTIONAL%20%7B%0A%20%20%20%20%3Fdataset%20dcat%3Adistribution%20%3Fdistribution%20.%0A%20%20%20%20%3Fdistribution%20dct%3Alicense%20%3Chttp%3A%2F%2Fdcat-ap.de%2Fdef%2Flicenses%2FofficialWork%3E%20.%0A%20%20%20%20BIND(%3Fdataset%20AS%20%3FdatasetWithOWLicense)%0A%20%20%7D%0A%0A%20%20%20%20OPTIONAL%20%7B%0A%20%20%20%20%20%20%3Fdataset%20dcat%3Adistribution%20%3Fdistribution2%20.%0A%20%20%20%20%20%20%3Fdistribution2%20dct%3Alicense%20%3Flicense%20.%0A%20%20%20%20%20%20FILTER(CONTAINS(LCASE(STR(%3Flicense))%2C%20%22closed%22))%0A%20%20%20%20%20%20BIND(%3Fdataset%20AS%20%3FdatasetWithClosedLicense)%0A%20%20%20%20%7D%0A%20%7D&endpoint=https%3A%2F%2Fwww.govdata.de%2Fsparql&requestMethod=GET&tabTitle=Query&headers=%7B%7D&contentTypeConstruct=text%2Fturtle%2C*%2F*%3Bq%3D0.9&contentTypeSelect=application%2Fsparql-results%2Bjson%2C*%2F*%3Bq%3D0.9&outputFormat=table"
    },
    {
      "update": "2025-01-15",
      "text": "Datensätze 2024 aktualisiert mit BY-Lizenz",
      "value": 223,
      "link": "https://www.govdata.de/sparql-assistent#query=PREFIX%20rdf%3A%20%3Chttp%3A%2F%2Fwww.w3.org%2F1999%2F02%2F22-rdf-syntax-ns%23%3E%0APREFIX%20rdfs%3A%20%3Chttp%3A%2F%2Fwww.w3.org%2F2000%2F01%2Frdf-schema%23%3E%0APREFIX%20dct%3A%20%3Chttp%3A%2F%2Fpurl.org%2Fdc%2Fterms%2F%3E%0APREFIX%20dcat%3A%20%3Chttp%3A%2F%2Fwww.w3.org%2Fns%2Fdcat%23%3E%0APREFIX%20contributor%3A%20%3Chttp%3A%2F%2Fdcat-ap.de%2Fdef%2Fcontributors%2F%3E%0A%0A%20SELECT%20%0A%20%20(COUNT(DISTINCT%20%3Fdataset)%20AS%20%3Ftotal_datasets)%0A%20%20(COUNT(DISTINCT%20%3FdatasetWithZeroLicense)%20AS%20%3FdatasetsWithZeroLicense)%0A%20%20(COUNT(DISTINCT%20%3FdatasetWithByLicense)%20AS%20%3FdatasetsWithByLicense)%0A%20%20(COUNT(DISTINCT%20%3FdatasetWithOWLicense)%20AS%20%3FdatasetsWithOWLicense)%0A%20%20(COUNT(DISTINCT%20%3FdatasetWithClosedLicense)%20AS%20%3FdatasetsWithClosedLicense)%0A%0A%0A%20%20WHERE%20%7B%0A%20%20%20%20%3Fdataset%20a%20dcat%3ADataset%20.%0A%20%20%20%20%3Fdataset%20%3FcontributorIDpredicate%20contributor%3AberlinOpenData%20.%0A%20%20%20%20%3Fdataset%20dct%3Amodified%20%3Fmodified%20.%0A%20%20%20%20FILTER(YEAR(%3Fmodified)%20%3D%202024)%20.%0A%0A%20%20%20%20OPTIONAL%20%7B%0A%20%20%20%20%20%20%3Fdataset%20dcat%3Adistribution%20%3Fdistribution2%20.%0A%20%20%20%20%20%20%3Fdistribution2%20dct%3Alicense%20%3Flicense%20.%0A%20%20%20%20%20%20FILTER(CONTAINS(LCASE(STR(%3Flicense))%2C%20%22zero%22))%0A%20%20%20%20%20%20BIND(%3Fdataset%20AS%20%3FdatasetWithZeroLicense)%0A%20%20%20%20%7D%0A%20%20OPTIONAL%20%7B%0A%20%20%20%20%20%20%3Fdataset%20dcat%3Adistribution%20%3Fdistribution2%20.%0A%20%20%20%20%20%20%3Fdistribution2%20dct%3Alicense%20%3Flicense%20.%0A%20%20%20%20%20%20FILTER(CONTAINS(LCASE(STR(%3Flicense))%2C%20%22by%22))%0A%20%20%20%20%20%20BIND(%3Fdataset%20AS%20%3FdatasetWithByLicense)%0A%20%20%20%20%7D%0A%20%20%20%20OPTIONAL%20%7B%0A%20%20%20%20%3Fdataset%20dcat%3Adistribution%20%3Fdistribution%20.%0A%20%20%20%20%3Fdistribution%20dct%3Alicense%20%3Chttp%3A%2F%2Fdcat-ap.de%2Fdef%2Flicenses%2FofficialWork%3E%20.%0A%20%20%20%20BIND(%3Fdataset%20AS%20%3FdatasetWithOWLicense)%0A%20%20%7D%0A%0A%20%20%20%20OPTIONAL%20%7B%0A%20%20%20%20%20%20%3Fdataset%20dcat%3Adistribution%20%3Fdistribution2%20.%0A%20%20%20%20%20%20%3Fdistribution2%20dct%3Alicense%20%3Flicense%20.%0A%20%20%20%20%20%20FILTER(CONTAINS(LCASE(STR(%3Flicense))%2C%20%22closed%22))%0A%20%20%20%20%20%20BIND(%3Fdataset%20AS%20%3FdatasetWithClosedLicense)%0A%20%20%20%20%7D%0A%20%7D&endpoint=https%3A%2F%2Fwww.govdata.de%2Fsparql&requestMethod=GET&tabTitle=Query&headers=%7B%7D&contentTypeConstruct=text%2Fturtle%2C*%2F*%3Bq%3D0.9&contentTypeSelect=application%2Fsparql-results%2Bjson%2C*%2F*%3Bq%3D0.9&outputFormat=table"
    }
  ]
}