{
  "meta": {
    "name": "Open Data Ranking 2025",
    "description": "Dataset containing the data for the 16 federal states and the federal government of the Open Data Ranking Germany 2025",
    "author": "Open Knowledge Foundation Deutschland",
    "email": "opendata@okfn.de",
    "url": "https://www.OpenDataRanking.de",
    "license": "CC-BY-4.0",
    "created": "2025-07-31T10:00:00Z",
    "last_modified": "2025-08-01T11:45:00Z"
  },
  "name": "Nordrhein-Westfalen",
  "short": "NW",
  "criteria": [
    {
      "criterion-number": "1",
      "title": "Rechtsanspruch auf Open Data",
      "points": "0",
      "citations": {
        "text": "§16a Abs. 1 EGovG NRW",
        "link": "https://recht.nrw.de/lmi/owa/br_bes_detail?sg=0&menu=0&bes_id=34925&anw_nr=2&aufgehoben=N&det_id=552085"
      },
      "text": "Die Behörden des Landes stellen elektronische Daten, die sie zur Erfüllung ihrer öffentlich-rechtlichen Aufgaben erhoben haben oder durch Dritte in ihrem Auftrag haben erheben lassen, zum Datenabruf über öffentlich zugängliche Netze zur Verfügung. Ein Anspruch wird dadurch nicht begründet."
    },
    {
      "criterion-number": "2",
      "title": "Gesetzeslage",
      "points": "2",
      "citations": {
        "text": "EGovG NRW (2022[2016])",
        "link": "https://recht.nrw.de/lmi/owa/br_text_anzeigen?v_id=73520171220150354215"
      },
      "text": "E-Government-Gesetz mit Open-Data-Verordnung"
    },
    {
      "criterion-number": "3",
      "title": "Evaluation",
      "points": "1",
      "citations": {
        "text": "§10 Open Data-Verordnung NRW",
        "link": "https://recht.nrw.de/lmi/owa/br_bes_detail?sg=0&menu=0&bes_id=47710&anw_nr=2&aufgehoben=N&det_id=546899"
      },
      "text": "Es gibt eine Evaluation über die \"Erfahrungen mit §16a des EGovG\" bis zum 1. Januar 2025, weitere Evaluationen unklar."
    },
    {
      "criterion-number": "4",
      "title": "Behördendefinition",
      "points": "1",
      "citations": {
        "text": "§16a Abs. 1 EGovG NRW",
        "link": "https://recht.nrw.de/lmi/owa/br_bes_detail?sg=0&menu=0&bes_id=34925&anw_nr=2&aufgehoben=N&det_id=552085"
      },
      "text": "Behörden des Landes. Kommunen sind nicht verpflichtet."
    },
    {
      "criterion-number": "5",
      "title": "Anstalten, Körperschaften, Unternehmen",
      "points": "0",
      "citations": {
        "text": "keine Erwähnung"
      },
      "text": "nicht explizit"
    },
    {
      "criterion-number": "6",
      "title": "Forschungsdaten",
      "points": "0",
      "citations": {
        "text": "keine Erwähnung"
      },
      "text": "nicht explizit"
    },
    {
      "criterion-number": "7",
      "title": "Ausnahmen",
      "points": "1",
      "citations": {
        "text": "§1 Abs. 3-6 EGovG NRW",
        "link": "https://recht.nrw.de/lmi/owa/br_bes_detail?sg=0&menu=0&bes_id=34925&anw_nr=2&aufgehoben=N&det_id=552067"
      },
      "text": "Krankenhäuser, Stiftungen, Beliehene und ländergemeinsame Einrichtungen und Behörden, Religiöse Einrichtungen, WDR, Einschränkungen für Justiz, (Hoch)schulen"
    },
    {
      "criterion-number": "8",
      "title": "Pauschale Ausschlusskriterien",
      "points": "1",
      "citations": {
        "text": "§16a Abs. 3 EGovG NRW",
        "link": "https://recht.nrw.de/lmi/owa/br_bes_detail?sg=0&menu=0&bes_id=34925&anw_nr=2&aufgehoben=N&det_id=552085"
      },
      "text": "Einschränkungen aus dem IFG, Urheberrecht, Personenbezogene Daten"
    },
    {
      "criterion-number": "9",
      "title": "Datenkatalog",
      "points": "0",
      "citations": {
        "text": "keine Erwähnung"
      }
    },
    {
      "criterion-number": "10",
      "title": "Rohdaten",
      "points": "1",
      "citations": {
        "text": "§16a Abs. 1 EGovG NRW",
        "link": "https://recht.nrw.de/lmi/owa/br_bes_detail?sg=0&menu=0&bes_id=34925&anw_nr=2&aufgehoben=N&det_id=552085"
      },
      "text": "Rohdaten, die im offiziellen Auftrag entstanden sind"
    },
    {
      "criterion-number": "11",
      "title": "Daten im Auftrag von Dritten",
      "points": "1",
      "citations": {
        "text": "§16a Abs. 1 EGovG NRW",
        "link": "https://recht.nrw.de/lmi/owa/br_bes_detail?sg=0&menu=0&bes_id=34925&anw_nr=2&aufgehoben=N&det_id=552085"
      },
      "text": "Elektronische Daten, die [Behörden] zur Erfüllung ihrer öffentlich-rechtlichen Aufgaben erhoben haben oder durch Dritte in ihrem Auftrag haben erheben lassen"
    },
    {
      "criterion-number": "12",
      "title": "Offenheit",
      "points": "1",
      "citations": {
        "text": "§3 Abs. 1 Open Data-Verordnung NRW",
        "link": "https://recht.nrw.de/lmi/owa/br_bes_detail?sg=0&menu=0&bes_id=47710&anw_nr=2&aufgehoben=N&det_id=546892"
      }
    },
    {
      "criterion-number": "13",
      "title": "Maschinenlesbarkeit",
      "points": "1",
      "citations": {
        "text": "§3 Abs. 1 Open Data-Verordnung NRW",
        "link": "https://recht.nrw.de/lmi/owa/br_bes_detail?sg=0&menu=0&bes_id=47710&anw_nr=2&aufgehoben=N&det_id=546892"
      }
    },
    {
      "criterion-number": "14",
      "title": "Aktualität",
      "points": "1",
      "citations": {
        "text": "§4 Abs. 3 Open Data-Verordnung NRW",
        "link": "https://recht.nrw.de/lmi/owa/br_bes_detail?sg=0&menu=0&bes_id=47710&anw_nr=2&aufgehoben=N&det_id=546893"
      },
      "text": "unverzüglich, nachvollziehbar durch Metadaten"
    },
    {
      "criterion-number": "15",
      "title": "Dauerhaftigkeit",
      "points": "1",
      "citations": {
        "text": "§4 Abs. 3 Open Data-Verordnung NRW",
        "link": "https://recht.nrw.de/lmi/owa/br_bes_detail?sg=0&menu=0&bes_id=47710&anw_nr=2&aufgehoben=N&det_id=546893"
      },
      "text": "dauerhaft, nachvollziehbar durch Metadaten"
    },
    {
      "criterion-number": "16",
      "title": "Lizenz",
      "points": "1",
      "citations": {
        "text": "§5 Open Data-Verordnung NRW",
        "link": "https://recht.nrw.de/lmi/owa/br_bes_detail?sg=0&menu=0&bes_id=47710&anw_nr=2&aufgehoben=N&det_id=546894"
      },
      "text": "Freie Lizenzen sind verpflichtend, wenn Daten bereitgestellt werden müssen nach §16a EGovG NRW."
    },
    {
      "criterion-number": "17",
      "title": "Schnittstellen",
      "points": "1",
      "citations": {
        "text": "§4 Abs. 1 Open Data-Verordnung NRW",
        "link": "https://recht.nrw.de/lmi/owa/br_bes_detail?sg=0&menu=0&bes_id=47710&anw_nr=2&aufgehoben=N&det_id=546893"
      },
      "text": "Die Daten sollen in offenen Datei- oder Schnittstellenformaten und vorranging über offene Schnittstellen bereitgestellt werden."
    },
    {
      "criterion-number": "18",
      "title": "Diskriminierungsfreiheit",
      "points": "1",
      "citations": {
        "text": "§3 Abs. 2, Satz 3 Open Data-Verordnung NRW",
        "link": "https://recht.nrw.de/lmi/owa/br_bes_detail?sg=0&menu=0&bes_id=47710&anw_nr=2&aufgehoben=N&det_id=546892"
      },
      "text": "Diskriminierungsfreiheit des Zugangs, so dass jede Person zu jeder Zeit auf die Daten zugreifen kann, ohne sich identifizieren oder eine Rechtfertigung für ihr Handeln abgeben zu müssen."
    },
    {
      "criterion-number": "19",
      "title": "Kostenfreiheit",
      "points": "1",
      "citations": {
        "text": "§16a Abs. 5 EGovG NRW",
        "link": "https://recht.nrw.de/lmi/owa/br_bes_detail?sg=0&menu=0&bes_id=34925&anw_nr=2&aufgehoben=N&det_id=552085"
      }
    },
    {
      "criterion-number": "20",
      "title": "Portal für Open Data",
      "points": "6",
      "citations": {
        "text": "Open NRW",
        "link": "https://open.nrw"
      }
    },
    {
      "criterion-number": "21",
      "title": "Portal-Schnittstellen",
      "points": "3",
      "citations": {
        "text": "Schnittstellenbeschreibung",
        "link": "https://open.nrw/unabhaengig-kommunale-verwaltungsdaten-veroeffentlichen"
      }
    },
    {
      "criterion-number": "22",
      "title": "API mit Dokumentation",
      "points": "3",
      "citations": {
        "text": "API-Dokumentation",
        "link": "https://open.nrw/open-data/informationen-fuer-entwicklerinnen-und-entwickler"
      }
    },
    {
      "criterion-number": "23",
      "title": "SPARQL-Abfragen",
      "points": "0",
      "citations": {
        "text": "nicht vorhanden"
      }
    },
    {
      "criterion-number": "24",
      "title": "Aktualität der Daten",
      "points": "4",
      "citations": {
        "text": "mehr als 25 Prozent des Datenbestands aktualisiert",
        "link": "https://www.govdata.de/web/guest/sparql-assistent#query=PREFIX%20rdf%3A%20%3Chttp%3A%2F%2Fwww.w3.org%2F1999%2F02%2F22-rdf-syntax-ns%23%3E%0APREFIX%20rdfs%3A%20%3Chttp%3A%2F%2Fwww.w3.org%2F2000%2F01%2Frdf-schema%23%3E%0APREFIX%20dct%3A%20%3Chttp%3A%2F%2Fpurl.org%2Fdc%2Fterms%2F%3E%0APREFIX%20dcat%3A%20%3Chttp%3A%2F%2Fwww.w3.org%2Fns%2Fdcat%23%3E%0APREFIX%20contributor%3A%20%3Chttp%3A%2F%2Fdcat-ap.de%2Fdef%2Fcontributors%2F%3E%0A%0A%20SELECT%20%0A%20%20(COUNT(DISTINCT%20%3Fdataset)%20AS%20%3Ftotal_datasets)%0A%0A%20%20WHERE%20%7B%0A%20%20%20%20%3Fdataset%20a%20dcat%3ADataset%20.%0A%20%20%20%20%3Fdataset%20%3FcontributorIDpredicate%20contributor%3AopenNRW%20.%0A%20%20%20%20%3Fdataset%20dct%3Amodified%20%3Fmodified%20.%0A%20%20%20%20FILTER(YEAR(%3Fmodified)%20%3D%202024)%20.%0A%0A%20%7D&endpoint=https%3A%2F%2Fwww.govdata.de%2Fsparql&requestMethod=GET&tabTitle=Query&headers=%7B%7D&contentTypeConstruct=text%2Fturtle%2C*%2F*%3Bq%3D0.9&contentTypeSelect=application%2Fsparql-results%2Bjson%2C*%2F*%3Bq%3D0.9&outputFormat=table"
      },
      "text": "Für den Vergleichszeitraum 2024 wurden 41,42% auf das Gesamtdatenvorkommen bezogen neu erstellt oder aktualisiert (3929 von 9486)"
    },
    {
      "criterion-number": "25",
      "title": "Linked Data",
      "points": "2",
      "citations": {
        "text": "es wurden Linked Data veröffentlicht",
        "link": "https://www.govdata.de/web/guest/sparql-assistent#query=PREFIX%20rdf%3A%20%3Chttp%3A%2F%2Fwww.w3.org%2F1999%2F02%2F22-rdf-syntax-ns%23%3E%0APREFIX%20rdfs%3A%20%3Chttp%3A%2F%2Fwww.w3.org%2F2000%2F01%2Frdf-schema%23%3E%0APREFIX%20dct%3A%20%3Chttp%3A%2F%2Fpurl.org%2Fdc%2Fterms%2F%3E%0APREFIX%20dcat%3A%20%3Chttp%3A%2F%2Fwww.w3.org%2Fns%2Fdcat%23%3E%0APREFIX%20contributor%3A%20%3Chttp%3A%2F%2Fdcat-ap.de%2Fdef%2Fcontributors%2F%3E%0A%0A%20SELECT%20%0A%20%20(COUNT(DISTINCT%20%3Fdataset)%20AS%20%3Ftotal_datasets)%0A%20%20(COUNT(DISTINCT%20%3FdatasetWithLD)%20AS%20%3FdatasetsWithLD)%0A%0A%0A%20%20WHERE%20%7B%0A%20%20%20%20%3Fdataset%20a%20dcat%3ADataset%20.%0A%20%20%20%20%3Fdataset%20%3FcontributorIDpredicate%20contributor%3AopenNRW%20.%0A%20%20%20%20%3Fdataset%20dct%3Amodified%20%3Fmodified%20.%0A%20%20%20%20FILTER(YEAR(%3Fmodified)%20%3D%202024)%20.%0A%0A%20%20%0A%20%20%20OPTIONAL%20%7B%0A%20%20%20%20%20%20%3Fdataset%20dcat%3Adistribution%20%3Fdistribution1%20.%0A%20%20%20%20%20%20%3Fdistribution1%20dct%3Aformat%20%3Fformat%20.%0A%20%20%20%20FILTER((CONTAINS(LCASE(STR(%3Fformat))%2C%20%22rdf%22))%20%7C%7C%20(CONTAINS(LCASE(STR(%3Fformat))%2C%20%22turtle%22))%20%7C%7C%20(CONTAINS(LCASE(STR(%3Fformat))%2C%20%22n3%22)%7C%7C%20(CONTAINS(LCASE(STR(%3Fformat))%2C%20%22jsonld%22))))%0A%20%20%20%20%20%20BIND(%3Fdataset%20AS%20%3FdatasetWithLD)%0A%20%20%20%20%7D%0A%20%7D&endpoint=https%3A%2F%2Fwww.govdata.de%2Fsparql&requestMethod=GET&tabTitle=Query&headers=%7B%7D&contentTypeConstruct=text%2Fturtle%2C*%2F*%3Bq%3D0.9&contentTypeSelect=application%2Fsparql-results%2Bjson%2C*%2F*%3Bq%3D0.9&outputFormat=table"
      },
      "text": "Für den Vergleichszeitraum 2024 wurden 9,98% der neu erstellten Datensätze in einem Linked-Data-Format veröffentlicht (363 von 3638)"
    },
    {
      "criterion-number": "26",
      "title": "Freie Lizenzen",
      "points": "4",
      "citations": {
        "text": "mehr als zwei Drittel der aktualisierten Daten steht unter freier Lizenz",
        "link": "https://www.govdata.de/sparql-assistent#query=PREFIX%20rdf%3A%20%3Chttp%3A%2F%2Fwww.w3.org%2F1999%2F02%2F22-rdf-syntax-ns%23%3E%0APREFIX%20rdfs%3A%20%3Chttp%3A%2F%2Fwww.w3.org%2F2000%2F01%2Frdf-schema%23%3E%0APREFIX%20dct%3A%20%3Chttp%3A%2F%2Fpurl.org%2Fdc%2Fterms%2F%3E%0APREFIX%20dcat%3A%20%3Chttp%3A%2F%2Fwww.w3.org%2Fns%2Fdcat%23%3E%0APREFIX%20contributor%3A%20%3Chttp%3A%2F%2Fdcat-ap.de%2Fdef%2Fcontributors%2F%3E%0A%0A%20SELECT%20%0A%20%20(COUNT(DISTINCT%20%3Fdataset)%20AS%20%3Ftotal_datasets)%0A%20%20(COUNT(DISTINCT%20%3FdatasetWithZeroLicense)%20AS%20%3FdatasetsWithZeroLicense)%0A%20%20(COUNT(DISTINCT%20%3FdatasetWithByLicense)%20AS%20%3FdatasetsWithByLicense)%0A%20%20(COUNT(DISTINCT%20%3FdatasetWithOWLicense)%20AS%20%3FdatasetsWithOWLicense)%0A%20%20(COUNT(DISTINCT%20%3FdatasetWithClosedLicense)%20AS%20%3FdatasetsWithClosedLicense)%0A%0A%0A%20%20WHERE%20%7B%0A%20%20%20%20%3Fdataset%20a%20dcat%3ADataset%20.%0A%20%20%20%20%3Fdataset%20%3FcontributorIDpredicate%20contributor%3AopenNRW%20.%0A%20%20%20%20%3Fdataset%20dct%3Amodified%20%3Fmodified%20.%0A%20%20%20%20FILTER(YEAR(%3Fmodified)%20%3D%202024)%20.%0A%0A%20%20%20%20OPTIONAL%20%7B%0A%20%20%20%20%20%20%3Fdataset%20dcat%3Adistribution%20%3Fdistribution2%20.%0A%20%20%20%20%20%20%3Fdistribution2%20dct%3Alicense%20%3Flicense%20.%0A%20%20%20%20%20%20FILTER(CONTAINS(LCASE(STR(%3Flicense))%2C%20%22zero%22))%0A%20%20%20%20%20%20BIND(%3Fdataset%20AS%20%3FdatasetWithZeroLicense)%0A%20%20%20%20%7D%0A%20%20OPTIONAL%20%7B%0A%20%20%20%20%20%20%3Fdataset%20dcat%3Adistribution%20%3Fdistribution2%20.%0A%20%20%20%20%20%20%3Fdistribution2%20dct%3Alicense%20%3Flicense%20.%0A%20%20%20%20%20%20FILTER(CONTAINS(LCASE(STR(%3Flicense))%2C%20%22by%22))%0A%20%20%20%20%20%20BIND(%3Fdataset%20AS%20%3FdatasetWithByLicense)%0A%20%20%20%20%7D%0A%20%20%20%20OPTIONAL%20%7B%0A%20%20%20%20%3Fdataset%20dcat%3Adistribution%20%3Fdistribution%20.%0A%20%20%20%20%3Fdistribution%20dct%3Alicense%20%3Chttp%3A%2F%2Fdcat-ap.de%2Fdef%2Flicenses%2FofficialWork%3E%20.%0A%20%20%20%20BIND(%3Fdataset%20AS%20%3FdatasetWithOWLicense)%0A%20%20%7D%0A%0A%20%20%20%20OPTIONAL%20%7B%0A%20%20%20%20%20%20%3Fdataset%20dcat%3Adistribution%20%3Fdistribution2%20.%0A%20%20%20%20%20%20%3Fdistribution2%20dct%3Alicense%20%3Flicense%20.%0A%20%20%20%20%20%20FILTER(CONTAINS(LCASE(STR(%3Flicense))%2C%20%22closed%22))%0A%20%20%20%20%20%20BIND(%3Fdataset%20AS%20%3FdatasetWithClosedLicense)%0A%20%20%20%20%7D%0A%20%7D&endpoint=https%3A%2F%2Fwww.govdata.de%2Fsparql&requestMethod=GET&tabTitle=Query&headers=%7B%7D&contentTypeConstruct=text%2Fturtle%2C*%2F*%3Bq%3D0.9&contentTypeSelect=application%2Fsparql-results%2Bjson%2C*%2F*%3Bq%3D0.9&outputFormat=table"
      },
      "text": "Für den Vergleichszeitraum 2024 wurden 80,69% der aktualisierten oder neuen Datensätze mit Zero bzw. BY-Lizenz versehen oder waren lizenzfrei (3181 von 3929)"
    },
    {
      "criterion-number": "27",
      "title": "Hochwertige Datensätze",
      "points": "3",
      "citations": {
        "text": "es wurden HVD veröffentlicht",
        "link": "https://www.govdata.de/sparql-assistent#query=PREFIX%20rdf%3A%20%3Chttp%3A%2F%2Fwww.w3.org%2F1999%2F02%2F22-rdf-syntax-ns%23%3E%0APREFIX%20rdfs%3A%20%3Chttp%3A%2F%2Fwww.w3.org%2F2000%2F01%2Frdf-schema%23%3E%0APREFIX%20dct%3A%20%3Chttp%3A%2F%2Fpurl.org%2Fdc%2Fterms%2F%3E%0APREFIX%20dcat%3A%20%3Chttp%3A%2F%2Fwww.w3.org%2Fns%2Fdcat%23%3E%0APREFIX%20contributor%3A%20%3Chttp%3A%2F%2Fdcat-ap.de%2Fdef%2Fcontributors%2F%3E%0APREFIX%20dcatap%3A%20%3Chttp%3A%2F%2Fdata.europa.eu%2Fr5r%2F%3E%0A%0ASELECT%20%0A%20%20%3Fcategory%20%0A%20%20(COUNT(DISTINCT%20%3Fdataset)%20AS%20%3FdatasetCount)%0A%20%20(%3FtotalCount%20AS%20%3FtotalDatasetCount)%0AWHERE%20%7B%0A%20%20%23%20Main%20query%20for%20per-category%20counts%0A%20%20%3Fdataset%20a%20dcat%3ADataset%20.%0A%20%20%3Fdataset%20%3FcontributorIDpredicate%20contributor%3AopenNRW%20.%0A%20%20%3Fdataset%20dct%3Amodified%20%3Fmodified%20.%0A%20%20FILTER(YEAR(%3Fmodified)%20%3D%202024)%20.%0A%20%20%3Fdataset%20dcatap%3AhvdCategory%20%3Fcategory%20.%0A%20%20%0A%20%20%23%20Subquery%20for%20total%20count%20across%20all%20categories%0A%20%20%7B%0A%20%20%20%20SELECT%20(COUNT(DISTINCT%20%3Fdataset)%20AS%20%3FtotalCount)%0A%20%20%20%20WHERE%20%7B%0A%20%20%20%20%20%20%3Fdataset%20a%20dcat%3ADataset%20.%0A%20%20%20%20%20%20%3Fdataset%20%3FcontributorIDpredicate%20contributor%3AopenNRW%20.%0A%20%20%20%20%20%20%3Fdataset%20dct%3Amodified%20%3Fmodified%20.%0A%20%20%20%20%20%20FILTER(YEAR(%3Fmodified)%20%3D%202024)%20.%0A%20%20%20%20%20%20%3Fdataset%20dcatap%3AhvdCategory%20%3Fcategory%20.%0A%20%20%20%20%7D%0A%20%20%7D%0A%7D%0AGROUP%20BY%20%3Fcategory%20%3FtotalCount&endpoint=https%3A%2F%2Fwww.govdata.de%2Fsparql&requestMethod=GET&tabTitle=Query&headers=%7B%7D&contentTypeConstruct=text%2Fturtle%2C*%2F*%3Bq%3D0.9&contentTypeSelect=application%2Fsparql-results%2Bjson%2C*%2F*%3Bq%3D0.9&outputFormat=table"
      },
      "text": "Für den Vergleichszeitraum 2024 gab es 82 Hochwertige Datensätze aus 3 verschiedenen Kategorien, auf dem Landesportal werden HVD extra deklariert"
    },
    {
      "criterion-number": "28",
      "title": "Open-Data-Beauftragte",
      "points": "1",
      "citations": {
        "text": "§7 Abs. 2-3 Open Data-Verordnung NRW",
        "link": "https://recht.nrw.de/lmi/owa/br_bes_detail?sg=0&menu=0&bes_id=47710&anw_nr=2&aufgehoben=N&det_id=546896"
      },
      "text": "Nur für Ministerien"
    },
    {
      "criterion-number": "29",
      "title": "Open-Data-Beratungsstelle",
      "points": "2",
      "citations": {
        "text": "§7 Abs. 1,4 Open Data-Verordnung NRW",
        "link": "https://recht.nrw.de/lmi/owa/br_bes_detail?sg=0&menu=0&bes_id=47710&anw_nr=2&aufgehoben=N&det_id=546896"
      }
    },
    {
      "criterion-number": "30",
      "title": "Open-Data-Labore",
      "points": "0",
      "citations": {
        "text": "nicht vorhanden"
      }
    },
    {
      "criterion-number": "31",
      "title": "Unterstützungsangebote für Kommunen",
      "points": "1",
      "citations": {
        "text": "Beratung über Dienstleister",
        "link": "https://open.nrw/unterstuetzung/unterstuetzung-fuer-kommunen"
      }
    },
    {
      "criterion-number": "32",
      "title": "Öffentlichkeitsarbeit",
      "points": "1",
      "citations": {
        "text": "Open NRW",
        "link": "https://open.nrw/austauschen"
      },
      "text": "Austausch Angebote und Use Cases auf der Website"
    },
    {
      "criterion-number": "33",
      "title": "API/Schnittstelle",
      "points": "0",
      "citations": {
        "text": "keine API",
        "link": "https://www.landtag.nrw.de/home/dokumente.html"
      }
    },
    {
      "criterion-number": "34",
      "title": "Maschinenlesbarkeit von Plenarprotokollen",
      "points": "0",
      "citations": {
        "text": "keine maschinenlesbare Protokolle",
        "link": "https://www.landtag.nrw.de/home/dokumente.html"
      }
    },
    {
      "criterion-number": "35",
      "title": "Aktualität von Plenarprotokollen",
      "points": "1",
      "citations": {
        "text": "Veröffentlichung innerhalb einer Woche",
        "link": "https://www.landtag.nrw.de/home/dokumente.html"
      }
    }
  ],
  "stats": [
    {
      "update": "2025-01-15",
      "text": "Datensätze bei GovData gesamt",
      "value": 9486,
      "link": "https://www.govdata.de/web/guest/sparql-assistent#query=PREFIX%20rdf%3A%20%3Chttp%3A%2F%2Fwww.w3.org%2F1999%2F02%2F22-rdf-syntax-ns%23%3E%0APREFIX%20rdfs%3A%20%3Chttp%3A%2F%2Fwww.w3.org%2F2000%2F01%2Frdf-schema%23%3E%0APREFIX%20dct%3A%20%3Chttp%3A%2F%2Fpurl.org%2Fdc%2Fterms%2F%3E%0APREFIX%20dcat%3A%20%3Chttp%3A%2F%2Fwww.w3.org%2Fns%2Fdcat%23%3E%0APREFIX%20foaf%3A%20%3Chttp%3A%2F%2Fxmlns.com%2Ffoaf%2F0.1%2F%3E%0APREFIX%20contributor%3A%20%3Chttp%3A%2F%2Fdcat-ap.de%2Fdef%2Fcontributors%2F%3E%0A%0ASELECT%20%0A%20%20(COUNT(DISTINCT%20%3Fdataset)%20AS%20%3Ftotal_datasets)%0A%20%20(COUNT(DISTINCT%20%3Fname)%20AS%20%3Ftotal_unique_publishers)%0AWHERE%20%7B%0A%20%20%3Fdataset%20a%20dcat%3ADataset%20.%0A%20%20%3Fdataset%20dct%3Apublisher%20%3Fpublisher%20.%0A%20%20%3Fpublisher%20foaf%3Aname%20%3Fname%20.%0A%20%20%3Fdataset%20%3FcontributorIDpredicate%20contributor%3AopenNRW%20.%0A%7D%0A&endpoint=https%3A%2F%2Fwww.govdata.de%2Fsparql&requestMethod=GET&tabTitle=Query&headers=%7B%7D&contentTypeConstruct=text%2Fturtle%2C*%2F*%3Bq%3D0.9&contentTypeSelect=application%2Fsparql-results%2Bjson%2C*%2F*%3Bq%3D0.9&outputFormat=table"
    },
    {
      "update": "2025-01-15",
      "text": "Datensätze 2024 aktualisiert gesamt",
      "value": 3929,
      "link": "https://www.govdata.de/web/guest/sparql-assistent#query=PREFIX%20rdf%3A%20%3Chttp%3A%2F%2Fwww.w3.org%2F1999%2F02%2F22-rdf-syntax-ns%23%3E%0APREFIX%20rdfs%3A%20%3Chttp%3A%2F%2Fwww.w3.org%2F2000%2F01%2Frdf-schema%23%3E%0APREFIX%20dct%3A%20%3Chttp%3A%2F%2Fpurl.org%2Fdc%2Fterms%2F%3E%0APREFIX%20dcat%3A%20%3Chttp%3A%2F%2Fwww.w3.org%2Fns%2Fdcat%23%3E%0APREFIX%20contributor%3A%20%3Chttp%3A%2F%2Fdcat-ap.de%2Fdef%2Fcontributors%2F%3E%0A%0A%20SELECT%20%0A%20%20(COUNT(DISTINCT%20%3Fdataset)%20AS%20%3Ftotal_datasets)%0A%0A%20%20WHERE%20%7B%0A%20%20%20%20%3Fdataset%20a%20dcat%3ADataset%20.%0A%20%20%20%20%3Fdataset%20%3FcontributorIDpredicate%20contributor%3AopenNRW%20.%0A%20%20%20%20%3Fdataset%20dct%3Amodified%20%3Fmodified%20.%0A%20%20%20%20FILTER(YEAR(%3Fmodified)%20%3D%202024)%20.%0A%0A%20%7D&endpoint=https%3A%2F%2Fwww.govdata.de%2Fsparql&requestMethod=GET&tabTitle=Query&headers=%7B%7D&contentTypeConstruct=text%2Fturtle%2C*%2F*%3Bq%3D0.9&contentTypeSelect=application%2Fsparql-results%2Bjson%2C*%2F*%3Bq%3D0.9&outputFormat=table"
    },
    {
      "update": "2025-01-15",
      "text": "Datensätze 2024 neu erstellt gesamt",
      "value": 3638,
      "link": "https://www.govdata.de/web/guest/sparql-assistent#query=PREFIX%20rdf%3A%20%3Chttp%3A%2F%2Fwww.w3.org%2F1999%2F02%2F22-rdf-syntax-ns%23%3E%0APREFIX%20rdfs%3A%20%3Chttp%3A%2F%2Fwww.w3.org%2F2000%2F01%2Frdf-schema%23%3E%0APREFIX%20dct%3A%20%3Chttp%3A%2F%2Fpurl.org%2Fdc%2Fterms%2F%3E%0APREFIX%20dcat%3A%20%3Chttp%3A%2F%2Fwww.w3.org%2Fns%2Fdcat%23%3E%0APREFIX%20contributor%3A%20%3Chttp%3A%2F%2Fdcat-ap.de%2Fdef%2Fcontributors%2F%3E%0A%0A%20SELECT%20%0A%20%20(COUNT(DISTINCT%20%3Fdataset)%20AS%20%3Ftotal_datasets)%0A%0A%20%20WHERE%20%7B%0A%20%20%20%20%3Fdataset%20a%20dcat%3ADataset%20.%0A%20%20%20%20%3Fdataset%20%3FcontributorIDpredicate%20contributor%3AopenNRW%20.%0A%20%20%20%20%3Fdataset%20dct%3Aissued%20%3Fissued%20.%0A%20%20%20%20FILTER(YEAR(%3Fissued)%20%3D%202024)%20.%0A%0A%20%7D&endpoint=https%3A%2F%2Fwww.govdata.de%2Fsparql&requestMethod=GET&tabTitle=Query&headers=%7B%7D&contentTypeConstruct=text%2Fturtle%2C*%2F*%3Bq%3D0.9&contentTypeSelect=application%2Fsparql-results%2Bjson%2C*%2F*%3Bq%3D0.9&outputFormat=table"
    },
    {
      "update": "2025-01-15",
      "text": "Hochwertige Datensätze 2024 aktualisiert gesamt",
      "value": 82,
      "link": "https://www.govdata.de/sparql-assistent#query=PREFIX%20rdf%3A%20%3Chttp%3A%2F%2Fwww.w3.org%2F1999%2F02%2F22-rdf-syntax-ns%23%3E%0APREFIX%20rdfs%3A%20%3Chttp%3A%2F%2Fwww.w3.org%2F2000%2F01%2Frdf-schema%23%3E%0APREFIX%20dct%3A%20%3Chttp%3A%2F%2Fpurl.org%2Fdc%2Fterms%2F%3E%0APREFIX%20dcat%3A%20%3Chttp%3A%2F%2Fwww.w3.org%2Fns%2Fdcat%23%3E%0APREFIX%20contributor%3A%20%3Chttp%3A%2F%2Fdcat-ap.de%2Fdef%2Fcontributors%2F%3E%0APREFIX%20dcatap%3A%20%3Chttp%3A%2F%2Fdata.europa.eu%2Fr5r%2F%3E%0A%0ASELECT%20%0A%20%20%3Fcategory%20%0A%20%20(COUNT(DISTINCT%20%3Fdataset)%20AS%20%3FdatasetCount)%0A%20%20(%3FtotalCount%20AS%20%3FtotalDatasetCount)%0AWHERE%20%7B%0A%20%20%23%20Main%20query%20for%20per-category%20counts%0A%20%20%3Fdataset%20a%20dcat%3ADataset%20.%0A%20%20%3Fdataset%20%3FcontributorIDpredicate%20contributor%3AopenNRW%20.%0A%20%20%3Fdataset%20dct%3Amodified%20%3Fmodified%20.%0A%20%20FILTER(YEAR(%3Fmodified)%20%3D%202024)%20.%0A%20%20%3Fdataset%20dcatap%3AhvdCategory%20%3Fcategory%20.%0A%20%20%0A%20%20%23%20Subquery%20for%20total%20count%20across%20all%20categories%0A%20%20%7B%0A%20%20%20%20SELECT%20(COUNT(DISTINCT%20%3Fdataset)%20AS%20%3FtotalCount)%0A%20%20%20%20WHERE%20%7B%0A%20%20%20%20%20%20%3Fdataset%20a%20dcat%3ADataset%20.%0A%20%20%20%20%20%20%3Fdataset%20%3FcontributorIDpredicate%20contributor%3AopenNRW%20.%0A%20%20%20%20%20%20%3Fdataset%20dct%3Amodified%20%3Fmodified%20.%0A%20%20%20%20%20%20FILTER(YEAR(%3Fmodified)%20%3D%202024)%20.%0A%20%20%20%20%20%20%3Fdataset%20dcatap%3AhvdCategory%20%3Fcategory%20.%0A%20%20%20%20%7D%0A%20%20%7D%0A%7D%0AGROUP%20BY%20%3Fcategory%20%3FtotalCount&endpoint=https%3A%2F%2Fwww.govdata.de%2Fsparql&requestMethod=GET&tabTitle=Query&headers=%7B%7D&contentTypeConstruct=text%2Fturtle%2C*%2F*%3Bq%3D0.9&contentTypeSelect=application%2Fsparql-results%2Bjson%2C*%2F*%3Bq%3D0.9&outputFormat=table"
    },
    {
      "update": "2025-01-15",
      "text": "Datensätze 2024 aktualisiert in Formaten CSV/XML/JSON",
      "value": 2276,
      "link": "https://www.govdata.de/web/guest/sparql-assistent#query=PREFIX%20rdf%3A%20%3Chttp%3A%2F%2Fwww.w3.org%2F1999%2F02%2F22-rdf-syntax-ns%23%3E%0APREFIX%20rdfs%3A%20%3Chttp%3A%2F%2Fwww.w3.org%2F2000%2F01%2Frdf-schema%23%3E%0APREFIX%20dct%3A%20%3Chttp%3A%2F%2Fpurl.org%2Fdc%2Fterms%2F%3E%0APREFIX%20dcat%3A%20%3Chttp%3A%2F%2Fwww.w3.org%2Fns%2Fdcat%23%3E%0APREFIX%20contributor%3A%20%3Chttp%3A%2F%2Fdcat-ap.de%2Fdef%2Fcontributors%2F%3E%0A%0A%20SELECT%20%0A%20%20(COUNT(DISTINCT%20%3Fdataset)%20AS%20%3Ftotal_datasets)%0A%20%20(COUNT(DISTINCT%20%3FdatasetWithCSVXMLJSON)%20AS%20%3FdatasetsWithCSVXMLJSON)%0A%0A%0A%20%20WHERE%20%7B%0A%20%20%20%20%3Fdataset%20a%20dcat%3ADataset%20.%0A%20%20%20%20%3Fdataset%20%3FcontributorIDpredicate%20contributor%3AopenNRW%20.%0A%20%20%20%20%3Fdataset%20dct%3Amodified%20%3Fmodified%20.%0A%20%20%20%20FILTER(YEAR(%3Fmodified)%20%3D%202024)%20.%0A%0A%20%20%0A%20%20%20OPTIONAL%20%7B%0A%20%20%20%20%20%20%3Fdataset%20dcat%3Adistribution%20%3Fdistribution1%20.%0A%20%20%20%20%20%20%3Fdistribution1%20dct%3Aformat%20%3Fformat%20.%0A%20%20%20%20%20%20FILTER(CONTAINS(LCASE(STR(%3Fformat))%2C%20%22csv%22)%7C%7C%20CONTAINS(LCASE(STR(%3Fformat))%2C%20%22xml%22)%20%7C%7C%20CONTAINS(LCASE(STR(%3Fformat))%2C%20%22json%22))%0A%20%20%20%20BIND(%3Fdataset%20AS%20%3FdatasetWithCSVXMLJSON)%0A%20%20%20%20%7D%0A%20%7D&endpoint=https%3A%2F%2Fwww.govdata.de%2Fsparql&requestMethod=GET&tabTitle=Query&headers=%7B%7D&contentTypeConstruct=text%2Fturtle%2C*%2F*%3Bq%3D0.9&contentTypeSelect=application%2Fsparql-results%2Bjson%2C*%2F*%3Bq%3D0.9&outputFormat=table"
    },
    {
      "update": "2025-01-15",
      "text": "Datensätze 2024 in Linked-Data-Formaten bereitgestellt",
      "value": 363,
      "link": "https://www.govdata.de/web/guest/sparql-assistent#query=PREFIX%20rdf%3A%20%3Chttp%3A%2F%2Fwww.w3.org%2F1999%2F02%2F22-rdf-syntax-ns%23%3E%0APREFIX%20rdfs%3A%20%3Chttp%3A%2F%2Fwww.w3.org%2F2000%2F01%2Frdf-schema%23%3E%0APREFIX%20dct%3A%20%3Chttp%3A%2F%2Fpurl.org%2Fdc%2Fterms%2F%3E%0APREFIX%20dcat%3A%20%3Chttp%3A%2F%2Fwww.w3.org%2Fns%2Fdcat%23%3E%0APREFIX%20contributor%3A%20%3Chttp%3A%2F%2Fdcat-ap.de%2Fdef%2Fcontributors%2F%3E%0A%0A%20SELECT%20%0A%20%20(COUNT(DISTINCT%20%3Fdataset)%20AS%20%3Ftotal_datasets)%0A%20%20(COUNT(DISTINCT%20%3FdatasetWithLD)%20AS%20%3FdatasetsWithLD)%0A%0A%0A%20%20WHERE%20%7B%0A%20%20%20%20%3Fdataset%20a%20dcat%3ADataset%20.%0A%20%20%20%20%3Fdataset%20%3FcontributorIDpredicate%20contributor%3AopenNRW%20.%0A%20%20%20%20%3Fdataset%20dct%3Amodified%20%3Fmodified%20.%0A%20%20%20%20FILTER(YEAR(%3Fmodified)%20%3D%202024)%20.%0A%0A%20%20%0A%20%20%20OPTIONAL%20%7B%0A%20%20%20%20%20%20%3Fdataset%20dcat%3Adistribution%20%3Fdistribution1%20.%0A%20%20%20%20%20%20%3Fdistribution1%20dct%3Aformat%20%3Fformat%20.%0A%20%20%20%20FILTER((CONTAINS(LCASE(STR(%3Fformat))%2C%20%22rdf%22))%20%7C%7C%20(CONTAINS(LCASE(STR(%3Fformat))%2C%20%22turtle%22))%20%7C%7C%20(CONTAINS(LCASE(STR(%3Fformat))%2C%20%22n3%22)%7C%7C%20(CONTAINS(LCASE(STR(%3Fformat))%2C%20%22jsonld%22))))%0A%20%20%20%20%20%20BIND(%3Fdataset%20AS%20%3FdatasetWithLD)%0A%20%20%20%20%7D%0A%20%7D&endpoint=https%3A%2F%2Fwww.govdata.de%2Fsparql&requestMethod=GET&tabTitle=Query&headers=%7B%7D&contentTypeConstruct=text%2Fturtle%2C*%2F*%3Bq%3D0.9&contentTypeSelect=application%2Fsparql-results%2Bjson%2C*%2F*%3Bq%3D0.9&outputFormat=table"
    },
    {
      "update": "2025-01-15",
      "text": "Datensätze 2024 aktualisiert mit Zero-Lizenz oder lizenzfrei",
      "value": 1626,
      "link": "https://www.govdata.de/sparql-assistent#query=PREFIX%20rdf%3A%20%3Chttp%3A%2F%2Fwww.w3.org%2F1999%2F02%2F22-rdf-syntax-ns%23%3E%0APREFIX%20rdfs%3A%20%3Chttp%3A%2F%2Fwww.w3.org%2F2000%2F01%2Frdf-schema%23%3E%0APREFIX%20dct%3A%20%3Chttp%3A%2F%2Fpurl.org%2Fdc%2Fterms%2F%3E%0APREFIX%20dcat%3A%20%3Chttp%3A%2F%2Fwww.w3.org%2Fns%2Fdcat%23%3E%0APREFIX%20contributor%3A%20%3Chttp%3A%2F%2Fdcat-ap.de%2Fdef%2Fcontributors%2F%3E%0A%0A%20SELECT%20%0A%20%20(COUNT(DISTINCT%20%3Fdataset)%20AS%20%3Ftotal_datasets)%0A%20%20(COUNT(DISTINCT%20%3FdatasetWithZeroLicense)%20AS%20%3FdatasetsWithZeroLicense)%0A%20%20(COUNT(DISTINCT%20%3FdatasetWithByLicense)%20AS%20%3FdatasetsWithByLicense)%0A%20%20(COUNT(DISTINCT%20%3FdatasetWithOWLicense)%20AS%20%3FdatasetsWithOWLicense)%0A%20%20(COUNT(DISTINCT%20%3FdatasetWithClosedLicense)%20AS%20%3FdatasetsWithClosedLicense)%0A%0A%0A%20%20WHERE%20%7B%0A%20%20%20%20%3Fdataset%20a%20dcat%3ADataset%20.%0A%20%20%20%20%3Fdataset%20%3FcontributorIDpredicate%20contributor%3AopenNRW%20.%0A%20%20%20%20%3Fdataset%20dct%3Amodified%20%3Fmodified%20.%0A%20%20%20%20FILTER(YEAR(%3Fmodified)%20%3D%202024)%20.%0A%0A%20%20%20%20OPTIONAL%20%7B%0A%20%20%20%20%20%20%3Fdataset%20dcat%3Adistribution%20%3Fdistribution2%20.%0A%20%20%20%20%20%20%3Fdistribution2%20dct%3Alicense%20%3Flicense%20.%0A%20%20%20%20%20%20FILTER(CONTAINS(LCASE(STR(%3Flicense))%2C%20%22zero%22))%0A%20%20%20%20%20%20BIND(%3Fdataset%20AS%20%3FdatasetWithZeroLicense)%0A%20%20%20%20%7D%0A%20%20OPTIONAL%20%7B%0A%20%20%20%20%20%20%3Fdataset%20dcat%3Adistribution%20%3Fdistribution2%20.%0A%20%20%20%20%20%20%3Fdistribution2%20dct%3Alicense%20%3Flicense%20.%0A%20%20%20%20%20%20FILTER(CONTAINS(LCASE(STR(%3Flicense))%2C%20%22by%22))%0A%20%20%20%20%20%20BIND(%3Fdataset%20AS%20%3FdatasetWithByLicense)%0A%20%20%20%20%7D%0A%20%20%20%20OPTIONAL%20%7B%0A%20%20%20%20%3Fdataset%20dcat%3Adistribution%20%3Fdistribution%20.%0A%20%20%20%20%3Fdistribution%20dct%3Alicense%20%3Chttp%3A%2F%2Fdcat-ap.de%2Fdef%2Flicenses%2FofficialWork%3E%20.%0A%20%20%20%20BIND(%3Fdataset%20AS%20%3FdatasetWithOWLicense)%0A%20%20%7D%0A%0A%20%20%20%20OPTIONAL%20%7B%0A%20%20%20%20%20%20%3Fdataset%20dcat%3Adistribution%20%3Fdistribution2%20.%0A%20%20%20%20%20%20%3Fdistribution2%20dct%3Alicense%20%3Flicense%20.%0A%20%20%20%20%20%20FILTER(CONTAINS(LCASE(STR(%3Flicense))%2C%20%22closed%22))%0A%20%20%20%20%20%20BIND(%3Fdataset%20AS%20%3FdatasetWithClosedLicense)%0A%20%20%20%20%7D%0A%20%7D&endpoint=https%3A%2F%2Fwww.govdata.de%2Fsparql&requestMethod=GET&tabTitle=Query&headers=%7B%7D&contentTypeConstruct=text%2Fturtle%2C*%2F*%3Bq%3D0.9&contentTypeSelect=application%2Fsparql-results%2Bjson%2C*%2F*%3Bq%3D0.9&outputFormat=table"
    },
    {
      "update": "2025-01-15",
      "text": "Datensätze 2024 aktualisiert mit BY-Lizenz",
      "value": 1555,
      "link": "https://www.govdata.de/sparql-assistent#query=PREFIX%20rdf%3A%20%3Chttp%3A%2F%2Fwww.w3.org%2F1999%2F02%2F22-rdf-syntax-ns%23%3E%0APREFIX%20rdfs%3A%20%3Chttp%3A%2F%2Fwww.w3.org%2F2000%2F01%2Frdf-schema%23%3E%0APREFIX%20dct%3A%20%3Chttp%3A%2F%2Fpurl.org%2Fdc%2Fterms%2F%3E%0APREFIX%20dcat%3A%20%3Chttp%3A%2F%2Fwww.w3.org%2Fns%2Fdcat%23%3E%0APREFIX%20contributor%3A%20%3Chttp%3A%2F%2Fdcat-ap.de%2Fdef%2Fcontributors%2F%3E%0A%0A%20SELECT%20%0A%20%20(COUNT(DISTINCT%20%3Fdataset)%20AS%20%3Ftotal_datasets)%0A%20%20(COUNT(DISTINCT%20%3FdatasetWithZeroLicense)%20AS%20%3FdatasetsWithZeroLicense)%0A%20%20(COUNT(DISTINCT%20%3FdatasetWithByLicense)%20AS%20%3FdatasetsWithByLicense)%0A%20%20(COUNT(DISTINCT%20%3FdatasetWithOWLicense)%20AS%20%3FdatasetsWithOWLicense)%0A%20%20(COUNT(DISTINCT%20%3FdatasetWithClosedLicense)%20AS%20%3FdatasetsWithClosedLicense)%0A%0A%0A%20%20WHERE%20%7B%0A%20%20%20%20%3Fdataset%20a%20dcat%3ADataset%20.%0A%20%20%20%20%3Fdataset%20%3FcontributorIDpredicate%20contributor%3AopenNRW%20.%0A%20%20%20%20%3Fdataset%20dct%3Amodified%20%3Fmodified%20.%0A%20%20%20%20FILTER(YEAR(%3Fmodified)%20%3D%202024)%20.%0A%0A%20%20%20%20OPTIONAL%20%7B%0A%20%20%20%20%20%20%3Fdataset%20dcat%3Adistribution%20%3Fdistribution2%20.%0A%20%20%20%20%20%20%3Fdistribution2%20dct%3Alicense%20%3Flicense%20.%0A%20%20%20%20%20%20FILTER(CONTAINS(LCASE(STR(%3Flicense))%2C%20%22zero%22))%0A%20%20%20%20%20%20BIND(%3Fdataset%20AS%20%3FdatasetWithZeroLicense)%0A%20%20%20%20%7D%0A%20%20OPTIONAL%20%7B%0A%20%20%20%20%20%20%3Fdataset%20dcat%3Adistribution%20%3Fdistribution2%20.%0A%20%20%20%20%20%20%3Fdistribution2%20dct%3Alicense%20%3Flicense%20.%0A%20%20%20%20%20%20FILTER(CONTAINS(LCASE(STR(%3Flicense))%2C%20%22by%22))%0A%20%20%20%20%20%20BIND(%3Fdataset%20AS%20%3FdatasetWithByLicense)%0A%20%20%20%20%7D%0A%20%20%20%20OPTIONAL%20%7B%0A%20%20%20%20%3Fdataset%20dcat%3Adistribution%20%3Fdistribution%20.%0A%20%20%20%20%3Fdistribution%20dct%3Alicense%20%3Chttp%3A%2F%2Fdcat-ap.de%2Fdef%2Flicenses%2FofficialWork%3E%20.%0A%20%20%20%20BIND(%3Fdataset%20AS%20%3FdatasetWithOWLicense)%0A%20%20%7D%0A%0A%20%20%20%20OPTIONAL%20%7B%0A%20%20%20%20%20%20%3Fdataset%20dcat%3Adistribution%20%3Fdistribution2%20.%0A%20%20%20%20%20%20%3Fdistribution2%20dct%3Alicense%20%3Flicense%20.%0A%20%20%20%20%20%20FILTER(CONTAINS(LCASE(STR(%3Flicense))%2C%20%22closed%22))%0A%20%20%20%20%20%20BIND(%3Fdataset%20AS%20%3FdatasetWithClosedLicense)%0A%20%20%20%20%7D%0A%20%7D&endpoint=https%3A%2F%2Fwww.govdata.de%2Fsparql&requestMethod=GET&tabTitle=Query&headers=%7B%7D&contentTypeConstruct=text%2Fturtle%2C*%2F*%3Bq%3D0.9&contentTypeSelect=application%2Fsparql-results%2Bjson%2C*%2F*%3Bq%3D0.9&outputFormat=table"
    }
  ]
}