{
  "meta": {
    "name": "Open Data Ranking 2025",
    "description": "Dataset containing the data for the 16 federal states and the federal government of the Open Data Ranking Germany 2025",
    "author": "Open Knowledge Foundation Deutschland",
    "email": "opendata@okfn.de",
    "url": "https://www.OpenDataRanking.de",
    "license": "CC-BY-4.0",
    "created": "2025-07-31T10:00:00Z",
    "last_modified": "2025-08-01T11:45:00Z"
  },
  "name": "Saarland",
  "short": "SL",
  "criteria": [
    {
      "criterion-number": "1",
      "title": "Rechtsanspruch auf Open Data",
      "points": "0",
      "citations": {
        "text": "keine Erwähnung"
      }
    },
    {
      "criterion-number": "2",
      "title": "Gesetzeslage",
      "points": "2",
      "citations": {
        "text": "E-GovG SL (2024[2017])",
        "link": "https://recht.saarland.de/bssl/document/jlr-EGovGSLrahmen"
      },
      "text": "E-Government-Gesetz mit Open-Data"
    },
    {
      "criterion-number": "3",
      "title": "Evaluation",
      "points": "0",
      "citations": {
        "text": "keine Erwähnung"
      }
    },
    {
      "criterion-number": "4",
      "title": "Behördendefinition",
      "points": "1",
      "citations": {
        "text": "§17a Abs. 1 E-GovG SL",
        "link": "https://recht.saarland.de/bssl/document/jlr-EGovGSLV16P17a"
      },
      "text": "Behörden des Landes, Kommunen können Daten zur Verfügung stellen"
    },
    {
      "criterion-number": "5",
      "title": "Anstalten, Körperschaften, Unternehmen",
      "points": "0",
      "citations": {
        "text": "keine Erwähnung"
      },
      "text": "nicht explizit"
    },
    {
      "criterion-number": "6",
      "title": "Forschungsdaten",
      "points": "0",
      "citations": {
        "text": "keine Erwähnung"
      },
      "text": "nicht explizit"
    },
    {
      "criterion-number": "7",
      "title": "Ausnahmen",
      "points": "1",
      "citations": {
        "text": "§17 Abs. 1 E-GovG SL",
        "link": "https://recht.saarland.de/bssl/document/jlr-EGovGSLpP1"
      },
      "text": "Kirchen und ihre Einrichtungen, Saarländischer Rundfunk, Kliniken, Schulen, Banken, Versorgungswerke"
    },
    {
      "criterion-number": "8",
      "title": "Pauschale Ausschlusskriterien",
      "points": "1",
      "citations": {
        "text": "§17a Abs. 3 E-GovG SL",
        "link": "https://recht.saarland.de/bssl/document/jlr-EGovGSLV16P17a"
      },
      "text": "Einschränkungen aus IFG, Urheberrecht, Personenbezogene Daten"
    },
    {
      "criterion-number": "9",
      "title": "Datenkatalog",
      "points": "0",
      "citations": {
        "text": "keine Erwähnung"
      }
    },
    {
      "criterion-number": "10",
      "title": "Rohdaten",
      "points": "1",
      "citations": {
        "text": "§17a Abs. 1 E-GovG SL",
        "link": "https://recht.saarland.de/bssl/document/jlr-EGovGSLV16P17a"
      },
      "text": "Elektronische Daten, die Behörden zur Erfüllung ihrer öffentlich-rechtlichen Aufgaben erhoben haben"
    },
    {
      "criterion-number": "11",
      "title": "Daten im Auftrag von Dritten",
      "points": "1",
      "citations": {
        "text": "§17a Abs. 1 E-GovG SL",
        "link": "https://recht.saarland.de/bssl/document/jlr-EGovGSLV16P17a"
      }
    },
    {
      "criterion-number": "12",
      "title": "Offenheit",
      "points": "0",
      "citations": {
        "text": "keine Erwähnung"
      }
    },
    {
      "criterion-number": "13",
      "title": "Maschinenlesbarkeit",
      "points": "1",
      "citations": {
        "text": "§17a Abs. 6 E-GovG SL",
        "link": "https://recht.saarland.de/bssl/document/jlr-EGovGSLV16P17a"
      }
    },
    {
      "criterion-number": "14",
      "title": "Aktualität",
      "points": "1",
      "citations": {
        "text": "§17a Abs. 4 E-GovG SL",
        "link": "https://recht.saarland.de/bssl/document/jlr-EGovGSLV16P17a"
      },
      "text": "Schnellstmöglich nach Erhebung"
    },
    {
      "criterion-number": "15",
      "title": "Dauerhaftigkeit",
      "points": "0",
      "citations": {
        "text": "keine Erwähnung"
      }
    },
    {
      "criterion-number": "16",
      "title": "Lizenz",
      "points": "1",
      "citations": {
        "text": "§17a Abs. 5 E-GovG SL",
        "link": "https://recht.saarland.de/bssl/document/jlr-EGovGSLV16P17a"
      },
      "text": "Beliebige Weiterverwendung unter freien Lizenzen"
    },
    {
      "criterion-number": "17",
      "title": "Schnittstellen",
      "points": "0",
      "citations": {
        "text": "keine Erwähnung"
      }
    },
    {
      "criterion-number": "18",
      "title": "Diskriminierungsfreiheit",
      "points": "1",
      "citations": {
        "text": "§17a Abs. 5 E-GovG SL",
        "link": "https://recht.saarland.de/bssl/document/jlr-EGovGSLV16P17a"
      }
    },
    {
      "criterion-number": "19",
      "title": "Kostenfreiheit",
      "points": "1",
      "citations": {
        "text": "§17a Abs. 5 E-GovG SL",
        "link": "https://recht.saarland.de/bssl/document/jlr-EGovGSLV16P17a"
      }
    },
    {
      "criterion-number": "20",
      "title": "Portal für Open Data",
      "points": "0",
      "citations": {
        "text": "nicht vorhanden"
      }
    },
    {
      "criterion-number": "21",
      "title": "Portal-Schnittstellen",
      "points": "0",
      "citations": {
        "text": "nicht vorhanden"
      }
    },
    {
      "criterion-number": "22",
      "title": "API mit Dokumentation",
      "points": "0",
      "citations": {
        "text": "nicht vorhanden"
      }
    },
    {
      "criterion-number": "23",
      "title": "SPARQL-Abfragen",
      "points": "0",
      "citations": {
        "text": "nicht vorhanden"
      }
    },
    {
      "criterion-number": "24",
      "title": "Aktualität der Daten",
      "points": "0",
      "citations": {
        "text": "nicht vorhanden"
      }
    },
    {
      "criterion-number": "25",
      "title": "Linked Data",
      "points": "0",
      "citations": {
        "text": "nicht vorhanden"
      }
    },
    {
      "criterion-number": "26",
      "title": "Freie Lizenzen",
      "points": "0",
      "citations": {
        "text": "nicht vorhanden"
      }
    },
    {
      "criterion-number": "27",
      "title": "Hochwertige Datensätze",
      "points": "0",
      "citations": {
        "text": "nicht vorhanden"
      }
    },
    {
      "criterion-number": "28",
      "title": "Open-Data-Beauftragte",
      "points": "1",
      "citations": {
        "text": "§17a Abs. 9 E-GovG SL",
        "link": "https://recht.saarland.de/bssl/document/jlr-EGovGSLV16P17a"
      },
      "text": "Open-Data-Ansprechpersonen nur für Ministerien"
    },
    {
      "criterion-number": "29",
      "title": "Open-Data-Beratungsstelle",
      "points": "1",
      "citations": {
        "text": "§17a Abs. 9 E-GovG SL",
        "link": "https://recht.saarland.de/bssl/document/jlr-EGovGSLV16P17a"
      },
      "text": "Ja, laut Gesetz"
    },
    {
      "criterion-number": "30",
      "title": "Open-Data-Labore",
      "points": "0",
      "citations": {
        "text": "nicht vorhanden"
      }
    },
    {
      "criterion-number": "31",
      "title": "Unterstützungsangebote für Kommunen",
      "points": "0",
      "citations": {
        "text": "nicht vorhanden"
      }
    },
    {
      "criterion-number": "32",
      "title": "Öffentlichkeitsarbeit",
      "points": "0",
      "citations": {
        "text": "nicht vorhanden"
      }
    },
    {
      "criterion-number": "33",
      "title": "API/Schnittstelle",
      "points": "0",
      "citations": {
        "text": "keine API",
        "link": "https://www.landtag-saar.de/suche?searchValue=&OnlyTitle=false&Categories=Print,PlenaryProtocol,Law,PublicConsultation,Operations&DateFrom=&DateTo=&periods=&SortValue=Erscheinungsdatum&SortOrder=desc&tab=Doc&DocumentPage=true&Page=1&ActiveTab=2"
      }
    },
    {
      "criterion-number": "34",
      "title": "Maschinenlesbarkeit von Plenarprotokollen",
      "points": "0",
      "citations": {
        "text": "keine maschinenlesbare Protokolle",
        "link": "https://www.landtag-saar.de/suche?searchValue=&OnlyTitle=false&Categories=Print,PlenaryProtocol,Law,PublicConsultation,Operations&DateFrom=&DateTo=&periods=&SortValue=Erscheinungsdatum&SortOrder=desc&tab=Doc&DocumentPage=true&Page=1&ActiveTab=2"
      }
    },
    {
      "criterion-number": "35",
      "title": "Aktualität von Plenarprotokollen",
      "points": "0",
      "citations": {
        "text": "Veröffentlichung dauert länger als eine Woche",
        "link": "https://www.landtag-saar.de/suche?searchValue=&OnlyTitle=false&Categories=Print,PlenaryProtocol,Law,PublicConsultation,Operations&DateFrom=&DateTo=&periods=&SortValue=Erscheinungsdatum&SortOrder=desc&tab=Doc&DocumentPage=true&Page=1&ActiveTab=2"
      }
    }
  ],
  "stats": [
    {
      "update": "2025-01-15",
      "text": "Datensätze bei GovData gesamt",
      "value": 0
    },
    {
      "update": "2025-01-15",
      "text": "Datensätze 2024 aktualisiert gesamt",
      "value": 0
    },
    {
      "update": "2025-01-15",
      "text": "Datensätze 2024 neu erstellt gesamt",
      "value": 0
    },
    {
      "update": "2025-01-15",
      "text": "Hochwertige Datensätze 2024 aktualisiert gesamt",
      "value": 0
    },
    {
      "update": "2025-01-15",
      "text": "Datensätze 2024 aktualisiert in Formaten CSV/XML/JSON",
      "value": 0
    },
    {
      "update": "2025-01-15",
      "text": "Datensätze 2024 in Linked-Data-Formaten bereitgestellt",
      "value": 0
    },
    {
      "update": "2025-01-15",
      "text": "Datensätze 2024 aktualisiert mit Zero-Lizenz oder lizenzfrei",
      "value": 0
    },
    {
      "update": "2025-01-15",
      "text": "Datensätze 2024 aktualisiert mit BY-Lizenz",
      "value": 0
    }
  ]
}