{
  "meta": {
    "name": "Open Data Ranking 2024",
    "description": "Dataset containing the data for the 16 federal states and the federal government of the Open Data Ranking Germany 2024",
    "author": "Open Knowledge Foundation Deutschland",
    "email": "opendata@okfn.de",
    "url": "https://www.OpenDataRanking.de",
    "license": "CC-BY-4.0"
  },
  "name" : "Baden-Württemberg",
  "short" : "BW",
  "criteria" : [ 
    {
    "criterion-number" : "1",
    "title" : "Rechtsanspruch auf Open Data",
    "points" : "0",
    "citations" : {
      "text" : "keine Erwähnung"
    }
  }, {
    "criterion-number" : "2",
    "title" : "Gesetzeslage",
    "points" : "0",
    "citations" : {
      "text" : "EGovG BW (2021 [2015])",
      "link" : "https://www.landesrecht-bw.de/perma?a=EGovG_BW"
    },
    "text" : "E-Government-Gesetz ohne Open Data"
  }, {
    "criterion-number" : "3",
    "title" : "Evaluation",
    "points" : "0",
    "citations" : {
      "text" : "keine Erwähnung"
    }
  }, {
    "criterion-number" : "4",
    "title" : "Behördendefinition",
    "points" : "0",
    "citations" : {
      "text" : "keine Erwähnung"
    }
  }, {
    "criterion-number" : "5",
    "title" : "Anstalten, Körperschaften, Unternehmen",
    "points" : "0",
    "citations" : {
      "text" : "keine Erwähnung"
    }
  }, {
    "criterion-number" : "6",
    "title" : "Forschungsdaten",
    "points" : "0",
    "citations" : {
      "text" : "keine Erwähnung"
    }
  }, {
    "criterion-number" : "7",
    "title" : "Ausnahmen",
    "points" : "0",
    "citations" : {
      "text" : "keine Erwähnung"
    }
  }, {
    "criterion-number" : "8",
    "title" : "Pauschale Ausschlusskriterien",
    "points" : "0",
    "citations" : {
      "text" : "keine Erwähnung"
    }
  }, {
    "criterion-number" : "9",
    "title" : "Datenkatalog",
    "points" : "0",
    "citations" : {
      "text" : "keine Erwähnung"
    }
  }, {
    "criterion-number" : "10",
    "title" : "Rohdaten",
    "points" : "0",
    "citations" : {
      "text" : "keine Erwähnung"
    }
  }, {
    "criterion-number" : "11",
    "title" : "Daten im Auftrag von Dritten",
    "points" : "0",
    "citations" : {
      "text" : "keine Erwähnung"
    }
  }, {
    "criterion-number" : "12",
    "title" : "Offenheit",
    "points" : "0",
    "citations" : {
      "text" : "keine Erwähnung"
    }
  }, {
    "criterion-number" : "13",
    "title" : "Maschinenlesbarkeit",
    "points" : "1",
    "citations" : {
      "text" : "§10 Abs. 1 EGovG BW",
      "link" : "https://www.landesrecht-bw.de/perma?d=jlr-EGovGBWpP10"
    },
    "text" : "Falls öffentlich verfügbar dann auch maschinenlesbar, besonders falls es ein Weiterverwendungsinteresse gibt (DNG)"
  }, {
    "criterion-number" : "14",
    "title" : "Aktualität",
    "points" : "0",
    "citations" : {
      "text" : "keine Erwähnung"
    }
  }, {
    "criterion-number" : "15",
    "title" : "Dauerhaftigkeit",
    "points" : "0",
    "citations" : {
      "text" : "keine Erwähnung"
    }
  }, {
    "criterion-number" : "16",
    "title" : "Lizenz",
    "points" : "0",
    "citations" : {
      "text" : "keine Erwähnung"
    }
  }, {
    "criterion-number" : "17",
    "title" : "Schnittstellen",
    "points" : "0",
    "citations" : {
      "text" : "keine Erwähnung"
    }
  }, {
    "criterion-number" : "18",
    "title" : "Diskriminierungsfreiheit",
    "points" : "0",
    "citations" : {
      "text" : "keine Erwähnung"
    }
  }, {
    "criterion-number" : "19",
    "title" : "Kostenfreiheit",
    "points" : "1",
    "citations" : {
      "text" : "§10 Abs. 2 EGovG BW",
      "link" : "https://www.landesrecht-bw.de/perma?d=jlr-EGovGBWpP10"
    },
    "text" : "Nutzen kostenfrei, möglicherweise Kosten zur Bereitstellung"
  }, {
    "criterion-number" : "20",
    "title" : "Portal für Open Data",
    "points" : "6",
    "citations" : {
      "text" : "daten.bw (2023)",
      "link" : "https://www.daten-bw.de/"
    }
  }, {
    "criterion-number" : "21",
    "title" : "Portal-Schnittstellen",
    "points" : "1",
    "citations" : {
      "text" : "es gibt eine Schnittstelle, aber keine Beschreibung",
      "link" : "https://www.daten-bw.de/web/guest/datenbereitstellung"
    }
  }, {
    "criterion-number" : "22",
    "title" : "API mit Dokumentation",
    "points" : "0",
    "citations" : {
      "text" : "nicht vorhanden"
    }
  }, {
    "criterion-number" : "23",
    "title" : "SPARQL-Abfragen",
    "points" : "0",
    "citations" : {
      "text" : "nicht vorhanden"
    }
  }, {
    "criterion-number" : "24",
    "title" : "Aktualität der Daten",
    "points" : "2",
    "citations" : {
      "text" : "mehr als 25% des Datenbestands aktualisiert",
      "link" : "https://www.govdata.de/web/guest/sparql-assistent#query=PREFIX%20rdf%3A%20%3Chttp%3A%2F%2Fwww.w3.org%2F1999%2F02%2F22-rdf-syntax-ns%23%3E%0APREFIX%20rdfs%3A%20%3Chttp%3A%2F%2Fwww.w3.org%2F2000%2F01%2Frdf-schema%23%3E%0APREFIX%20dct%3A%20%3Chttp%3A%2F%2Fpurl.org%2Fdc%2Fterms%2F%3E%0APREFIX%20dcat%3A%20%3Chttp%3A%2F%2Fwww.w3.org%2Fns%2Fdcat%23%3E%0APREFIX%20contributor%3A%20%3Chttp%3A%2F%2Fdcat-ap.de%2Fdef%2Fcontributors%2F%3E%0A%0A%20SELECT%20%0A%20%20(COUNT(DISTINCT%20%3Fdataset)%20AS%20%3Ftotal_datasets)%0A%0A%20%20WHERE%20%7B%0A%20%20%20%20%3Fdataset%20a%20dcat%3ADataset%20.%0A%20%20%20%20%3Fdataset%20%3FcontributorIDpredicate%20contributor%3AdatenBW%20.%0A%20%20%20%20%3Fdataset%20dct%3Amodified%20%3Fmodified%20.%0A%20%20%20%20FILTER(YEAR(%3Fmodified)%20%3D%202023)%20.%0A%0A%20%7D&endpoint=https%3A%2F%2Fwww.govdata.de%2Fsparql&requestMethod=GET&tabTitle=Query&headers=%7B%7D&contentTypeConstruct=text%2Fturtle%2C*%2F*%3Bq%3D0.9&contentTypeSelect=application%2Fsparql-results%2Bjson%2C*%2F*%3Bq%3D0.9&outputFormat=table"
    },
    "text" : "Für den Vergleichszeitraum 2023 wurden 26,07% auf das Gesamtdatenvorkommen bezogen neu erstellt oder aktualisiert (261 von 1001)"
  }, {
    "criterion-number" : "25",
    "title" : "Linked Data",
    "points" : "0",
    "citations" : {
      "text" : "keine Linked Data",
      "link" : "https://www.govdata.de/web/guest/sparql-assistent#query=PREFIX%20rdf%3A%20%3Chttp%3A%2F%2Fwww.w3.org%2F1999%2F02%2F22-rdf-syntax-ns%23%3E%0APREFIX%20rdfs%3A%20%3Chttp%3A%2F%2Fwww.w3.org%2F2000%2F01%2Frdf-schema%23%3E%0APREFIX%20dct%3A%20%3Chttp%3A%2F%2Fpurl.org%2Fdc%2Fterms%2F%3E%0APREFIX%20dcat%3A%20%3Chttp%3A%2F%2Fwww.w3.org%2Fns%2Fdcat%23%3E%0APREFIX%20contributor%3A%20%3Chttp%3A%2F%2Fdcat-ap.de%2Fdef%2Fcontributors%2F%3E%0A%0A%20SELECT%20%0A%20%20(COUNT(DISTINCT%20%3Fdataset)%20AS%20%3Ftotal_datasets)%0A%20%20(COUNT(DISTINCT%20%3FdatasetWithLD)%20AS%20%3FdatasetsWithLD)%0A%0A%0A%20%20WHERE%20%7B%0A%20%20%20%20%3Fdataset%20a%20dcat%3ADataset%20.%0A%20%20%20%20%3Fdataset%20%3FcontributorIDpredicate%20contributor%3AdatenBW%20.%0A%20%20%20%20%3Fdataset%20dct%3Amodified%20%3Fmodified%20.%0A%20%20%20%20FILTER(YEAR(%3Fmodified)%20%3D%202023)%20.%0A%0A%20%20%20OPTIONAL%20%7B%0A%20%20%20%20%20%20%3Fdataset%20dcat%3Adistribution%20%3Fdistribution1%20.%0A%20%20%20%20%20%20%3Fdistribution1%20dct%3Aformat%20%3Fformat%20.%0A%20%20%20%20FILTER((CONTAINS(LCASE(STR(%3Fformat))%2C%20%22rdf%22))%20%7C%7C%20(CONTAINS(LCASE(STR(%3Fformat))%2C%20%22turtle%22))%20%7C%7C%20(CONTAINS(LCASE(STR(%3Fformat))%2C%20%22n3%22)%7C%7C%20(CONTAINS(LCASE(STR(%3Fformat))%2C%20%22jsonld%22))))%0A%20%20%20%20%20%20BIND(%3Fdataset%20AS%20%3FdatasetWithLD)%0A%20%20%20%20%7D%0A%20%7D&endpoint=https%3A%2F%2Fwww.govdata.de%2Fsparql&requestMethod=GET&tabTitle=Query&headers=%7B%7D&contentTypeConstruct=text%2Fturtle%2C*%2F*%3Bq%3D0.9&contentTypeSelect=application%2Fsparql-results%2Bjson%2C*%2F*%3Bq%3D0.9&outputFormat=table"
    },
    "text" : "Für den Vergleichszeitraum 2023 wurden 0% der neu erstellten Datensätze in einem Linked-Data-Format veröffentlicht (0 von 71)"
  }, {
    "criterion-number" : "26",
    "title" : "Freie Lizenzen",
    "points" : "2",
    "citations" : {
      "text" : "mehr als die Hälfte der aktualisierten Daten Zero oder BY-lizensiert",
      "link" : "https://www.govdata.de/web/guest/sparql-assistent#query=PREFIX%20rdf%3A%20%3Chttp%3A%2F%2Fwww.w3.org%2F1999%2F02%2F22-rdf-syntax-ns%23%3E%0APREFIX%20rdfs%3A%20%3Chttp%3A%2F%2Fwww.w3.org%2F2000%2F01%2Frdf-schema%23%3E%0APREFIX%20dct%3A%20%3Chttp%3A%2F%2Fpurl.org%2Fdc%2Fterms%2F%3E%0APREFIX%20dcat%3A%20%3Chttp%3A%2F%2Fwww.w3.org%2Fns%2Fdcat%23%3E%0APREFIX%20contributor%3A%20%3Chttp%3A%2F%2Fdcat-ap.de%2Fdef%2Fcontributors%2F%3E%0A%0A%20SELECT%20%0A%20%20(COUNT(DISTINCT%20%3Fdataset)%20AS%20%3Ftotal_datasets)%0A%20%20(COUNT(DISTINCT%20%3FdatasetWithZeroLicense)%20AS%20%3FdatasetsWithZeroLicense)%0A%20%20(COUNT(DISTINCT%20%3FdatasetWithByLicense)%20AS%20%3FdatasetsWithByLicense)%0A%20%20(COUNT(DISTINCT%20%3FdatasetWithClosedLicense)%20AS%20%3FdatasetsWithClosedLicense)%0A%20%20WHERE%20%7B%0A%20%20%20%20%3Fdataset%20a%20dcat%3ADataset%20.%0A%20%20%20%20%3Fdataset%20%3FcontributorIDpredicate%20contributor%3AdatenBW%20.%0A%20%20%20%20%3Fdataset%20dct%3Amodified%20%3Fmodified%20.%0A%20%20%20%20FILTER(YEAR(%3Fmodified)%20%3D%202023)%20.%0A%0A%20%20%20%20OPTIONAL%20%7B%0A%20%20%20%20%20%20%3Fdataset%20dcat%3Adistribution%20%3Fdistribution2%20.%0A%20%20%20%20%20%20%3Fdistribution2%20dct%3Alicense%20%3Flicense%20.%0A%20%20%20%20%20%20FILTER(CONTAINS(LCASE(STR(%3Flicense))%2C%20%22zero%22))%0A%20%20%20%20%20%20BIND(%3Fdataset%20AS%20%3FdatasetWithZeroLicense)%0A%20%20%20%20%7D%0A%20%20OPTIONAL%20%7B%0A%20%20%20%20%20%20%3Fdataset%20dcat%3Adistribution%20%3Fdistribution2%20.%0A%20%20%20%20%20%20%3Fdistribution2%20dct%3Alicense%20%3Flicense%20.%0A%20%20%20%20%20%20FILTER(CONTAINS(LCASE(STR(%3Flicense))%2C%20%22by%22))%0A%20%20%20%20%20%20BIND(%3Fdataset%20AS%20%3FdatasetWithByLicense)%0A%20%20%20%20%7D%0A%20%20%20%20OPTIONAL%20%7B%0A%20%20%20%20%20%20%3Fdataset%20dcat%3Adistribution%20%3Fdistribution2%20.%0A%20%20%20%20%20%20%3Fdistribution2%20dct%3Alicense%20%3Flicense%20.%0A%20%20%20%20%20%20FILTER(CONTAINS(LCASE(STR(%3Flicense))%2C%20%22closed%22))%0A%20%20%20%20%20%20BIND(%3Fdataset%20AS%20%3FdatasetWithClosedLicense)%0A%20%20%20%20%7D%0A%20%7D&endpoint=https%3A%2F%2Fwww.govdata.de%2Fsparql&requestMethod=GET&tabTitle=Query&headers=%7B%7D&contentTypeConstruct=text%2Fturtle%2C*%2F*%3Bq%3D0.9&contentTypeSelect=application%2Fsparql-results%2Bjson%2C*%2F*%3Bq%3D0.9&outputFormat=table"
    },
    "text" : "Für den Vergleichszeitraum 2023 wurden 57,47% der aktualisierten oder neuen Datensätze mit Zero oder BY-Lizenz versehen (150 von 261)"
  }, {
    "criterion-number" : "27",
    "title" : "Open-Data-Beauftragte",
    "points" : "0",
    "citations" : {
      "text" : "keine Erwähnung"
    }
  }, {
    "criterion-number" : "28",
    "title" : "Open-Data-Beratungsstelle",
    "points" : "0",
    "citations" : {
      "text" : "keine Erwähnung"
    }
  }, {
    "criterion-number" : "29",
    "title" : "Open-Data-Labore",
    "points" : "0",
    "citations" : {
      "text" : "keine Erwähnung"
    }
  }, {
    "criterion-number" : "30",
    "title" : "Unterstützungsangebote für Kommunen",
    "points" : "0",
    "citations" : {
      "text" : "keine Erwähnung"
    }
  }, {
    "criterion-number" : "31",
    "title" : "Öffentlichkeitsarbeit",
    "points" : "0",
    "citations" : {
      "text" : "keine Erwähnung"
    }
  }, {
    "criterion-number" : "32",
    "title" : "API/Schnittstelle",
    "points" : "0",
    "citations" : {
      "text" : "keine API",
      "link" : "https://www.datawrapper.de/_/9CgBo/"
    }
  }, {
    "criterion-number" : "33",
    "title" : "Maschinenlesbarkeit von Plenarprotokollen",
    "points" : "0",
    "citations" : {
      "text" : "keine maschinenlesbare Protokolle",
      "link" : "https://www.datawrapper.de/_/9CgBo/"
    }
  }, {
    "criterion-number" : "34",
    "title" : "Aktualität von Plenarprotokollen",
    "points" : "0",
    "citations" : {
      "text" : "Veröffentlichung dauert länger als eine Woche",
      "link" : "https://www.datawrapper.de/_/6tNWF/"
    },
    "text" : "In der letzten Legislaturperiode lagen im Median 13 Tage zwischen Sitzung und Veröffentlichung."
  } ],
  "stats" : [ {
    "update" : "2024-03-15",
    "text" : "Datensätze bei Govdata gesamt",
    "value" : 1001,
    "link" : "https://www.govdata.de/web/guest/sparql-assistent#query=PREFIX%20rdf%3A%20%3Chttp%3A%2F%2Fwww.w3.org%2F1999%2F02%2F22-rdf-syntax-ns%23%3E%0APREFIX%20rdfs%3A%20%3Chttp%3A%2F%2Fwww.w3.org%2F2000%2F01%2Frdf-schema%23%3E%0APREFIX%20dct%3A%20%3Chttp%3A%2F%2Fpurl.org%2Fdc%2Fterms%2F%3E%0APREFIX%20dcat%3A%20%3Chttp%3A%2F%2Fwww.w3.org%2Fns%2Fdcat%23%3E%0APREFIX%20foaf%3A%20%3Chttp%3A%2F%2Fxmlns.com%2Ffoaf%2F0.1%2F%3E%0APREFIX%20contributor%3A%20%3Chttp%3A%2F%2Fdcat-ap.de%2Fdef%2Fcontributors%2F%3E%0A%0ASELECT%20%0A%20%20(COUNT(DISTINCT%20%3Fdataset)%20AS%20%3Ftotal_datasets)%0A%20%20(COUNT(DISTINCT%20%3Fname)%20AS%20%3Ftotal_unique_publishers)%0AWHERE%20%7B%0A%20%20%3Fdataset%20a%20dcat%3ADataset%20.%0A%20%20%3Fdataset%20dct%3Apublisher%20%3Fpublisher%20.%0A%20%20%3Fpublisher%20foaf%3Aname%20%3Fname%20.%0A%20%20%3Fdataset%20%3FcontributorIDpredicate%20contributor%3AdatenBW%20.%0A%7D%0A&endpoint=https%3A%2F%2Fwww.govdata.de%2Fsparql&requestMethod=GET&tabTitle=Query&headers=%7B%7D&contentTypeConstruct=text%2Fturtle%2C*%2F*%3Bq%3D0.9&contentTypeSelect=application%2Fsparql-results%2Bjson%2C*%2F*%3Bq%3D0.9&outputFormat=table"
  }, {
    "update" : "2024-03-15",
    "text" : "Datensätze 2023 aktualisiert gesamt",
    "value" : 261,
    "link" : "https://www.govdata.de/web/guest/sparql-assistent#query=PREFIX%20rdf%3A%20%3Chttp%3A%2F%2Fwww.w3.org%2F1999%2F02%2F22-rdf-syntax-ns%23%3E%0APREFIX%20rdfs%3A%20%3Chttp%3A%2F%2Fwww.w3.org%2F2000%2F01%2Frdf-schema%23%3E%0APREFIX%20dct%3A%20%3Chttp%3A%2F%2Fpurl.org%2Fdc%2Fterms%2F%3E%0APREFIX%20dcat%3A%20%3Chttp%3A%2F%2Fwww.w3.org%2Fns%2Fdcat%23%3E%0APREFIX%20contributor%3A%20%3Chttp%3A%2F%2Fdcat-ap.de%2Fdef%2Fcontributors%2F%3E%0A%0A%20SELECT%20%0A%20%20(COUNT(DISTINCT%20%3Fdataset)%20AS%20%3Ftotal_datasets)%0A%0A%20%20WHERE%20%7B%0A%20%20%20%20%3Fdataset%20a%20dcat%3ADataset%20.%0A%20%20%20%20%3Fdataset%20%3FcontributorIDpredicate%20contributor%3AdatenBW%20.%0A%20%20%20%20%3Fdataset%20dct%3Amodified%20%3Fmodified%20.%0A%20%20%20%20FILTER(YEAR(%3Fmodified)%20%3D%202023)%20.%0A%0A%20%7D&endpoint=https%3A%2F%2Fwww.govdata.de%2Fsparql&requestMethod=GET&tabTitle=Query&headers=%7B%7D&contentTypeConstruct=text%2Fturtle%2C*%2F*%3Bq%3D0.9&contentTypeSelect=application%2Fsparql-results%2Bjson%2C*%2F*%3Bq%3D0.9&outputFormat=table"
  }, {
    "update" : "2024-03-15",
    "text" : "Datensätze 2023 neu erstellt gesamt",
    "value" : 71,
    "link" : "https://www.govdata.de/web/guest/sparql-assistent#query=PREFIX%20rdf%3A%20%3Chttp%3A%2F%2Fwww.w3.org%2F1999%2F02%2F22-rdf-syntax-ns%23%3E%0APREFIX%20rdfs%3A%20%3Chttp%3A%2F%2Fwww.w3.org%2F2000%2F01%2Frdf-schema%23%3E%0APREFIX%20dct%3A%20%3Chttp%3A%2F%2Fpurl.org%2Fdc%2Fterms%2F%3E%0APREFIX%20dcat%3A%20%3Chttp%3A%2F%2Fwww.w3.org%2Fns%2Fdcat%23%3E%0APREFIX%20contributor%3A%20%3Chttp%3A%2F%2Fdcat-ap.de%2Fdef%2Fcontributors%2F%3E%0A%0A%20SELECT%20%0A%20%20(COUNT(DISTINCT%20%3Fdataset)%20AS%20%3Ftotal_datasets)%0A%0A%20%20WHERE%20%7B%0A%20%20%20%20%3Fdataset%20a%20dcat%3ADataset%20.%0A%20%20%20%20%3Fdataset%20%3FcontributorIDpredicate%20contributor%3AdatenBW%20.%0A%20%20%20%20%3Fdataset%20dct%3Aissued%20%3Fissued%20.%0A%20%20%20%20FILTER(YEAR(%3Fissued)%20%3D%202023)%20.%0A%0A%20%7D&endpoint=https%3A%2F%2Fwww.govdata.de%2Fsparql&requestMethod=GET&tabTitle=Query&headers=%7B%7D&contentTypeConstruct=text%2Fturtle%2C*%2F*%3Bq%3D0.9&contentTypeSelect=application%2Fsparql-results%2Bjson%2C*%2F*%3Bq%3D0.9&outputFormat=table"
  }, {
    "update" : "2024-03-15",
    "text" : "Datensätze 2023 aktualisiert in Formaten CSV/XML/JSON",
    "value" : 139,
    "link" : "https://www.govdata.de/web/guest/sparql-assistent#query=PREFIX%20rdf%3A%20%3Chttp%3A%2F%2Fwww.w3.org%2F1999%2F02%2F22-rdf-syntax-ns%23%3E%0APREFIX%20rdfs%3A%20%3Chttp%3A%2F%2Fwww.w3.org%2F2000%2F01%2Frdf-schema%23%3E%0APREFIX%20dct%3A%20%3Chttp%3A%2F%2Fpurl.org%2Fdc%2Fterms%2F%3E%0APREFIX%20dcat%3A%20%3Chttp%3A%2F%2Fwww.w3.org%2Fns%2Fdcat%23%3E%0APREFIX%20contributor%3A%20%3Chttp%3A%2F%2Fdcat-ap.de%2Fdef%2Fcontributors%2F%3E%0A%0A%20SELECT%20%0A%20%20(COUNT(DISTINCT%20%3Fdataset)%20AS%20%3Ftotal_datasets)%0A%20%20(COUNT(DISTINCT%20%3FdatasetWithPDF)%20AS%20%3FdatasetsWithPDF)%0A%20%20(COUNT(DISTINCT%20%3FdatasetWithXLS)%20AS%20%3FdatasetsWithXLS)%0A%20%20(COUNT(DISTINCT%20%3FdatasetWithCSVXMLJSON)%20AS%20%3FdatasetsWithCSVXMLJSON)%0A%20%20(COUNT(DISTINCT%20%3FdatasetWithRDF)%20AS%20%3FdatasetsWithRDF)%0A%0A%0A%20%20WHERE%20%7B%0A%20%20%20%20%3Fdataset%20a%20dcat%3ADataset%20.%0A%20%20%20%20%3Fdataset%20%3FcontributorIDpredicate%20contributor%3AdatenBW%20.%0A%20%20%20%20%3Fdataset%20dct%3Amodified%20%3Fmodified%20.%0A%20%20%20%20FILTER(YEAR(%3Fmodified)%20%3D%202023)%20.%0A%0A%20%20%20%20OPTIONAL%20%7B%0A%20%20%20%20%20%20%3Fdataset%20dcat%3Adistribution%20%3Fdistribution1%20.%0A%20%20%20%20%20%20%3Fdistribution1%20dct%3Aformat%20%3Fformat%20.%0A%20%20%20%20%20%20FILTER(CONTAINS(LCASE(STR(%3Fformat))%2C%20%22pdf%22))%0A%20%20%20%20%20%20BIND(%3Fdataset%20AS%20%3FdatasetWithPDF)%0A%20%20%20%20%7D%0A%20%20%20%20OPTIONAL%20%7B%0A%20%20%20%20%20%20%3Fdataset%20dcat%3Adistribution%20%3Fdistribution1%20.%0A%20%20%20%20%20%20%3Fdistribution1%20dct%3Aformat%20%3Fformat%20.%0A%20%20%20%20%20%20FILTER(CONTAINS(LCASE(STR(%3Fformat))%2C%20%22xls%22))%0A%20%20%20%20%20%20BIND(%3Fdataset%20AS%20%3FdatasetWithXLS)%0A%20%20%20%20%7D%0A%20%20%20%20OPTIONAL%20%7B%0A%20%20%20%20%20%20%3Fdataset%20dcat%3Adistribution%20%3Fdistribution1%20.%0A%20%20%20%20%20%20%3Fdistribution1%20dct%3Aformat%20%3Fformat%20.%0A%20%20%20%20%20%20FILTER(CONTAINS(LCASE(STR(%3Fformat))%2C%20%22csv%22)%7C%7C%20CONTAINS(LCASE(STR(%3Fformat))%2C%20%22xml%22)%20%7C%7C%20CONTAINS(LCASE(STR(%3Fformat))%2C%20%22json%22))%0A%20%20%20%20%20%20BIND(%3Fdataset%20AS%20%3FdatasetWithCSVXMLJSON)%0A%20%20%20%20%7D%0A%20%20%20OPTIONAL%20%7B%0A%20%20%20%20%20%20%3Fdataset%20dcat%3Adistribution%20%3Fdistribution1%20.%0A%20%20%20%20%20%20%3Fdistribution1%20dct%3Aformat%20%3Fformat%20.%0A%20%20%20%20%20%20FILTER(CONTAINS(LCASE(STR(%3Fformat))%2C%20%22rdf%22))%0A%20%20%20%20%20%20BIND(%3Fdataset%20AS%20%3FdatasetWithRDF)%0A%20%20%20%20%7D%0A%20%7D&endpoint=https%3A%2F%2Fwww.govdata.de%2Fsparql&requestMethod=GET&tabTitle=Query&headers=%7B%7D&contentTypeConstruct=text%2Fturtle%2C*%2F*%3Bq%3D0.9&contentTypeSelect=application%2Fsparql-results%2Bjson%2C*%2F*%3Bq%3D0.9&outputFormat=table"
  }, {
    "update" : "2024-03-15",
    "text" : "Datensätze 2023 in Linked-Data-Formaten bereitgestellt",
    "value" : 0,
    "link" : "https://www.govdata.de/web/guest/sparql-assistent#query=PREFIX%20rdf%3A%20%3Chttp%3A%2F%2Fwww.w3.org%2F1999%2F02%2F22-rdf-syntax-ns%23%3E%0APREFIX%20rdfs%3A%20%3Chttp%3A%2F%2Fwww.w3.org%2F2000%2F01%2Frdf-schema%23%3E%0APREFIX%20dct%3A%20%3Chttp%3A%2F%2Fpurl.org%2Fdc%2Fterms%2F%3E%0APREFIX%20dcat%3A%20%3Chttp%3A%2F%2Fwww.w3.org%2Fns%2Fdcat%23%3E%0APREFIX%20contributor%3A%20%3Chttp%3A%2F%2Fdcat-ap.de%2Fdef%2Fcontributors%2F%3E%0A%0A%20SELECT%20%0A%20%20(COUNT(DISTINCT%20%3Fdataset)%20AS%20%3Ftotal_datasets)%0A%20%20(COUNT(DISTINCT%20%3FdatasetWithLD)%20AS%20%3FdatasetsWithLD)%0A%0A%0A%20%20WHERE%20%7B%0A%20%20%20%20%3Fdataset%20a%20dcat%3ADataset%20.%0A%20%20%20%20%3Fdataset%20%3FcontributorIDpredicate%20contributor%3AdatenBW%20.%0A%20%20%20%20%3Fdataset%20dct%3Amodified%20%3Fmodified%20.%0A%20%20%20%20FILTER(YEAR(%3Fmodified)%20%3D%202023)%20.%0A%0A%20%20%20OPTIONAL%20%7B%0A%20%20%20%20%20%20%3Fdataset%20dcat%3Adistribution%20%3Fdistribution1%20.%0A%20%20%20%20%20%20%3Fdistribution1%20dct%3Aformat%20%3Fformat%20.%0A%20%20%20%20FILTER((CONTAINS(LCASE(STR(%3Fformat))%2C%20%22rdf%22))%20%7C%7C%20(CONTAINS(LCASE(STR(%3Fformat))%2C%20%22turtle%22))%20%7C%7C%20(CONTAINS(LCASE(STR(%3Fformat))%2C%20%22n3%22)%7C%7C%20(CONTAINS(LCASE(STR(%3Fformat))%2C%20%22jsonld%22))))%0A%20%20%20%20%20%20BIND(%3Fdataset%20AS%20%3FdatasetWithLD)%0A%20%20%20%20%7D%0A%20%7D&endpoint=https%3A%2F%2Fwww.govdata.de%2Fsparql&requestMethod=GET&tabTitle=Query&headers=%7B%7D&contentTypeConstruct=text%2Fturtle%2C*%2F*%3Bq%3D0.9&contentTypeSelect=application%2Fsparql-results%2Bjson%2C*%2F*%3Bq%3D0.9&outputFormat=table"
  }, {
    "update" : "2024-03-15",
    "text" : "Datensätze 2023 aktualisiert mit Zero-Lizenz",
    "value" : 14,
    "link" : "https://www.govdata.de/web/guest/sparql-assistent#query=PREFIX%20rdf%3A%20%3Chttp%3A%2F%2Fwww.w3.org%2F1999%2F02%2F22-rdf-syntax-ns%23%3E%0APREFIX%20rdfs%3A%20%3Chttp%3A%2F%2Fwww.w3.org%2F2000%2F01%2Frdf-schema%23%3E%0APREFIX%20dct%3A%20%3Chttp%3A%2F%2Fpurl.org%2Fdc%2Fterms%2F%3E%0APREFIX%20dcat%3A%20%3Chttp%3A%2F%2Fwww.w3.org%2Fns%2Fdcat%23%3E%0APREFIX%20contributor%3A%20%3Chttp%3A%2F%2Fdcat-ap.de%2Fdef%2Fcontributors%2F%3E%0A%0A%20SELECT%20%0A%20%20(COUNT(DISTINCT%20%3Fdataset)%20AS%20%3Ftotal_datasets)%0A%20%20(COUNT(DISTINCT%20%3FdatasetWithZeroLicense)%20AS%20%3FdatasetsWithZeroLicense)%0A%20%20(COUNT(DISTINCT%20%3FdatasetWithByLicense)%20AS%20%3FdatasetsWithByLicense)%0A%20%20WHERE%20%7B%0A%20%20%20%20%3Fdataset%20a%20dcat%3ADataset%20.%0A%20%20%20%20%3Fdataset%20%3FcontributorIDpredicate%20contributor%3AdatenBW%20.%0A%20%20%20%20%3Fdataset%20dct%3Amodified%20%3Fmodified%20.%0A%20%20%20%20FILTER(YEAR(%3Fmodified)%20%3D%202023)%20.%0A%0A%20%20%20%20OPTIONAL%20%7B%0A%20%20%20%20%20%20%3Fdataset%20dcat%3Adistribution%20%3Fdistribution2%20.%0A%20%20%20%20%20%20%3Fdistribution2%20dct%3Alicense%20%3Flicense%20.%0A%20%20%20%20%20%20FILTER(CONTAINS(LCASE(STR(%3Flicense))%2C%20%22zero%22))%0A%20%20%20%20%20%20BIND(%3Fdataset%20AS%20%3FdatasetWithZeroLicense)%0A%20%20%20%20%7D%0A%20%20OPTIONAL%20%7B%0A%20%20%20%20%20%20%3Fdataset%20dcat%3Adistribution%20%3Fdistribution2%20.%0A%20%20%20%20%20%20%3Fdistribution2%20dct%3Alicense%20%3Flicense%20.%0A%20%20%20%20%20%20FILTER(CONTAINS(LCASE(STR(%3Flicense))%2C%20%22by%22))%0A%20%20%20%20%20%20BIND(%3Fdataset%20AS%20%3FdatasetWithByLicense)%0A%20%20%20%20%7D%0A%20%7D&endpoint=https%3A%2F%2Fwww.govdata.de%2Fsparql&requestMethod=GET&tabTitle=Query&headers=%7B%7D&contentTypeConstruct=text%2Fturtle%2C*%2F*%3Bq%3D0.9&contentTypeSelect=application%2Fsparql-results%2Bjson%2C*%2F*%3Bq%3D0.9&outputFormat=table"
  }, {
    "update" : "2024-03-15",
    "text" : "Datensätze 2023 aktualisiert mit BY-Lizenz",
    "value" : 136,
    "link" : "https://www.govdata.de/web/guest/sparql-assistent#query=PREFIX%20rdf%3A%20%3Chttp%3A%2F%2Fwww.w3.org%2F1999%2F02%2F22-rdf-syntax-ns%23%3E%0APREFIX%20rdfs%3A%20%3Chttp%3A%2F%2Fwww.w3.org%2F2000%2F01%2Frdf-schema%23%3E%0APREFIX%20dct%3A%20%3Chttp%3A%2F%2Fpurl.org%2Fdc%2Fterms%2F%3E%0APREFIX%20dcat%3A%20%3Chttp%3A%2F%2Fwww.w3.org%2Fns%2Fdcat%23%3E%0APREFIX%20contributor%3A%20%3Chttp%3A%2F%2Fdcat-ap.de%2Fdef%2Fcontributors%2F%3E%0A%0A%20SELECT%20%0A%20%20(COUNT(DISTINCT%20%3Fdataset)%20AS%20%3Ftotal_datasets)%0A%20%20(COUNT(DISTINCT%20%3FdatasetWithZeroLicense)%20AS%20%3FdatasetsWithZeroLicense)%0A%20%20(COUNT(DISTINCT%20%3FdatasetWithByLicense)%20AS%20%3FdatasetsWithByLicense)%0A%20%20WHERE%20%7B%0A%20%20%20%20%3Fdataset%20a%20dcat%3ADataset%20.%0A%20%20%20%20%3Fdataset%20%3FcontributorIDpredicate%20contributor%3AdatenBW%20.%0A%20%20%20%20%3Fdataset%20dct%3Amodified%20%3Fmodified%20.%0A%20%20%20%20FILTER(YEAR(%3Fmodified)%20%3D%202023)%20.%0A%0A%20%20%20%20OPTIONAL%20%7B%0A%20%20%20%20%20%20%3Fdataset%20dcat%3Adistribution%20%3Fdistribution2%20.%0A%20%20%20%20%20%20%3Fdistribution2%20dct%3Alicense%20%3Flicense%20.%0A%20%20%20%20%20%20FILTER(CONTAINS(LCASE(STR(%3Flicense))%2C%20%22zero%22))%0A%20%20%20%20%20%20BIND(%3Fdataset%20AS%20%3FdatasetWithZeroLicense)%0A%20%20%20%20%7D%0A%20%20OPTIONAL%20%7B%0A%20%20%20%20%20%20%3Fdataset%20dcat%3Adistribution%20%3Fdistribution2%20.%0A%20%20%20%20%20%20%3Fdistribution2%20dct%3Alicense%20%3Flicense%20.%0A%20%20%20%20%20%20FILTER(CONTAINS(LCASE(STR(%3Flicense))%2C%20%22by%22))%0A%20%20%20%20%20%20BIND(%3Fdataset%20AS%20%3FdatasetWithByLicense)%0A%20%20%20%20%7D%0A%20%7D&endpoint=https%3A%2F%2Fwww.govdata.de%2Fsparql&requestMethod=GET&tabTitle=Query&headers=%7B%7D&contentTypeConstruct=text%2Fturtle%2C*%2F*%3Bq%3D0.9&contentTypeSelect=application%2Fsparql-results%2Bjson%2C*%2F*%3Bq%3D0.9&outputFormat=table"
  } ]
} 