{
  "meta": {
    "name": "Open Data Ranking 2024",
    "description": "Dataset containing the data for the 16 federal states and the federal government of the Open Data Ranking Germany 2024",
    "author": "Open Knowledge Foundation Deutschland",
    "email": "opendata@okfn.de",
    "url": "https://www.OpenDataRanking.de",
    "license": "CC-BY-4.0"
  },
    "name": "Bund",
    "short": "Bund",
    "criteria": [
      {
        "criterion-number": "1",
        "title": "Rechtsanspruch auf Open Data",
        "points": "0",
        "citations": {
          "text": "§12a Abs. 1 EGovG",
          "link": "https://www.gesetze-im-internet.de/egovg/__12a.html"
        },
        "text": "Es gibt explizit keinen Anspruch auf die Bereitstellung der Daten"
      },
      {
        "criterion-number": "2",
        "title": "Gesetzeslage",
        "points": "2",
        "citations": {
          "text": [
            "EGovG (2021[2013] Einführung §12a Open Data 2018)",
            "DNG (2021 Umsetzung PSI-Richtlinie der EU)"
          ],
          "link": [
            "https://www.gesetze-im-internet.de/egovg/",
            "https://www.gesetze-im-internet.de/dng/"
          ]
        },
        "text": "E-Government-Gesetz mit Open-Data-Paragraph; Datennutzungsgesetz als Umsetzung der PSI-Richtlinie der Europäischen Union"
      },
      {
        "criterion-number": "3",
        "title": "Evaluation",
        "points": "2",
        "citations": {
          "text": "§ 12a Abs. 11 EGovG",
          "link": "https://www.gesetze-im-internet.de/egovg/__12a.html"
        },
        "text": "Evaluierung des Open-Data-Gesetzes nach vier Jahren sowie alle zwei Jahre Fortschrittsberichte zu Open Data durch die Bundesregierung - aber aktuell letzter Bericht 2019"
      },
      {
        "criterion-number": "4",
        "title": "Behördendefinition",
        "points": "3",
        "citations": {
          "text": "§12a Abs. 1 EGovG",
          "link": "https://www.gesetze-im-internet.de/egovg/__12a.html"
        },
        "text": "Behörden des Bundes, Selbstverwaltungskörperschaften ausgenommen"
      },
      {
        "criterion-number": "5",
        "title": "Anstalten, Körperschaften, Unternehmen",
        "points": "0",
        "citations": {
          "text": "§12a Abs. 1 EGovG",
          "link": "https://www.gesetze-im-internet.de/egovg/__12a.html"
        },
        "text": "Selbstverwaltungskörperschaften explizit ausgenommen"
      },
      {
        "criterion-number": "6",
        "title": "Forschungsdaten",
        "points": "2",
        "citations": {
          "text": "§12a Abs. 3 EGovG",
          "link": "https://www.gesetze-im-internet.de/egovg/__12a.html"
        },
        "text": "Forschungsdaten, sobald das Forschungsvorhaben abgeschlossen ist, sofern diese nicht schon an anderer Stelle veröffentlicht sind"
      },
      {
        "criterion-number": "7",
        "title": "Ausnahmen",
        "points": "1",
        "citations": {
          "text": "§12a Abs. 5 EGovG",
          "link": "https://www.gesetze-im-internet.de/egovg/__12a.html"
        },
        "text": "Selbstverwaltungskörperschaften; Strafverfolgung und Richterdienst, Patent- und Markenamt, Verwaltungstätigkeit nach zweitem Buch SGB (Grundsicherung für Arbeitssuchende)"
      },
      {
        "criterion-number": "8",
        "title": "Pauschale Ausschlusskriterien",
        "points": "1",
        "citations": {
          "text": "§12a Abs. 3 EGovG",
          "link": "https://www.gesetze-im-internet.de/egovg/__12a.html"
        },
        "text": "Personenbezogene Daten, Ausnahmen nach §3, 4, 6 IFG (Schutz von öffentlichen Belangen, des behördlichen Entscheidungsprozesses und geistigen Eigentums/Betriebs- und Geschäftsgeheimnissen), Daten Dritter die nicht im Auftrag erstellt wurden, Bankengeheimnis"
      },
      {
        "criterion-number": "9",
        "title": "Datenkatalog",
        "points": "0",
        "citations": {
          "text": "keine Erwähnung"
        }
      },
      {
        "criterion-number": "10",
        "title": "Rohdaten",
        "points": "1",
        "citations": {
          "text": "§12a Abs. 1 EGovG",
          "link": "https://www.gesetze-im-internet.de/egovg/__12a.html"
        },
        "text": "Elektronisch vorliegende Rohdaten aus der \\\"Erfüllung öffentlich-rechtlicher Aufgaben\\\", auch wenn diese von Dritten erhoben wurden"
      },
      {
        "criterion-number": "11",
        "title": "Daten im Auftrag von Dritten",
        "points": "1",
        "citations": {
          "text": "§12a Abs. 1 EGovG",
          "link": "https://www.gesetze-im-internet.de/egovg/__12a.html"
        }
      },
      {
        "criterion-number": "12",
        "title": "Offenheit",
        "points": "0",
        "citations": {
          "text": "keine Erwähnung"
        }
      },
      {
        "criterion-number": "13",
        "title": "Maschinenlesbarkeit",
        "points": "1",
        "citations": {
          "text": "§12a Abs. 1 EGovG",
          "link": "https://www.gesetze-im-internet.de/egovg/__12a.html"
        }
      },
      {
        "criterion-number": "14",
        "title": "Aktualität",
        "points": "0",
        "citations": {
          "text": "keine Erwähnung"
        }
      },
      {
        "criterion-number": "15",
        "title": "Dauerhaftigkeit",
        "points": "0",
        "citations": {
          "text": "keine Erwähnung"
        }
      },
      {
        "criterion-number": "16",
        "title": "Lizenz",
        "points": "0",
        "citations": {
          "text": "keine Erwähnung"
        }
      },
      {
        "criterion-number": "17",
        "title": "Schnittstellen",
        "points": "0",
        "citations": {
          "text": "keine Erwähnung"
        }
      },
      {
        "criterion-number": "18",
        "title": "Diskriminierungsfreiheit",
        "points": "1",
        "citations": {
          "text": "§12a Abs. 6 EGovG",
          "link": "https://www.gesetze-im-internet.de/egovg/__12a.html"
        }
      },
      {
        "criterion-number": "19",
        "title": "Kostenfreiheit",
        "points": "1",
        "citations": {
          "text": "§12a Abs. 6 EGovG",
          "link": "https://www.gesetze-im-internet.de/egovg/__12a.html"
        },
        "text": "Kostenfrei"
      },
      {
        "criterion-number": "20",
        "title": "Portal für Open Data",
        "points": "0",
        "citations": {
          "text": "GovData (2013)",
          "link": "https://www.govdata.de/"
        },
        "text": "Es gibt kein eigenes Datenportal bzw. aktuell keine einheitliche Pipeline, über die alle Daten aus der Bundesverwaltung an das von der FITKO betriebene Datenportal für Deutschland GovData geliefert werden. Die Angaben beziehen sich daher auf Funktionen von GovData, sind aber aus Gründen der Vergleichbarkeit für die aktuelle Erhebung von der Bewertung ausgenommen."
      },
      {
        "criterion-number": "21",
        "title": "Portal-Schnittstellen",
        "points": "0",
        "citations": {
          "text": "es gibt beschriebene Schnittstellen",
          "link": "https://www.govdata.de/web/guest/datenbereitstellungaufgovdata"
        }
      },
      {
        "criterion-number": "22",
        "title": "API mit Dokumentation",
        "points": "0",
        "citations": {
          "text": "API aber keine Dokumentation",
          "link": "https://www.govdata.de/daten/-/details/govdata-metadatenkatalog"
        }
      },
      {
        "criterion-number": "23",
        "title": "SPARQL-Abfragen",
        "points": "0",
        "citations": {
          "text": "Eigene SPARQL-Abfragen und Presets",
          "link": "https://www.govdata.de/web/guest/sparql-assistent"
        }
      },
      {
        "criterion-number": "24",
        "title": "Aktualität der Daten",
        "points": "0",
        "citations": {
          "text": "mehr als 25% des Datenbestands aktualisiert",
          "link": "https://www.govdata.de/web/guest/sparql-assistent#query=PREFIX%20rdf%3A%20%3Chttp%3A%2F%2Fwww.w3.org%2F1999%2F02%2F22-rdf-syntax-ns%23%3E%0APREFIX%20rdfs%3A%20%3Chttp%3A%2F%2Fwww.w3.org%2F2000%2F01%2Frdf-schema%23%3E%0APREFIX%20dct%3A%20%3Chttp%3A%2F%2Fpurl.org%2Fdc%2Fterms%2F%3E%0APREFIX%20dcat%3A%20%3Chttp%3A%2F%2Fwww.w3.org%2Fns%2Fdcat%23%3E%0APREFIX%20contributor%3A%20%3Chttp%3A%2F%2Fdcat-ap.de%2Fdef%2Fcontributors%2F%3E%0A%0A%20SELECT%20%0A%20%20(COUNT(DISTINCT%20%3Fdataset)%20AS%20%3Ftotal_datasets)%0A%0A%20%20WHERE%20%7B%0A%20%20%20%20%3Fdataset%20a%20dcat%3ADataset%20.%0A%20%20%20%20%3Fdataset%20dct%3Amodified%20%3Fmodified%20.%0A%20%20%20%20FILTER(YEAR(%3Fmodified)%20%3D%202023)%20.%0A%0A%20%7D&endpoint=https%3A%2F%2Fwww.govdata.de%2Fsparql&requestMethod=GET&tabTitle=Query&headers=%7B%7D&contentTypeConstruct=text%2Fturtle%2C*%2F*%3Bq%3D0.9&contentTypeSelect=application%2Fsparql-results%2Bjson%2C*%2F*%3Bq%3D0.9&outputFormat=table"
        },
        "text": "Für den Vergleichszeitraum 2023 wurden 32,10% auf das Gesamtdatenvorkommen bezogen neu erstellt oder aktualisiert (32722 von 101924) - diese Angaben bilden nur den Gesamtstand bei GovData ab, weil es aktuell keine einheitliche Datenlieferstelle der Behörden des Bundes gibt. Aus Gründen der Vergleichbarkeit werden sie daher nicht im Rahmen der aktuellen Erhebung bewertet."
      },
      {
        "criterion-number": "25",
        "title": "Linked Data",
        "points": "0",
        "citations": {
          "text": "es wurden Datensätze in einem LOD-Format bereitgestellt",
          "link": "https://www.govdata.de/web/guest/sparql-assistent#query=PREFIX%20rdf%3A%20%3Chttp%3A%2F%2Fwww.w3.org%2F1999%2F02%2F22-rdf-syntax-ns%23%3E%0APREFIX%20rdfs%3A%20%3Chttp%3A%2F%2Fwww.w3.org%2F2000%2F01%2Frdf-schema%23%3E%0APREFIX%20dct%3A%20%3Chttp%3A%2F%2Fpurl.org%2Fdc%2Fterms%2F%3E%0APREFIX%20dcat%3A%20%3Chttp%3A%2F%2Fwww.w3.org%2Fns%2Fdcat%23%3E%0APREFIX%20contributor%3A%20%3Chttp%3A%2F%2Fdcat-ap.de%2Fdef%2Fcontributors%2F%3E%0A%0A%20SELECT%20%0A%20%20(COUNT(DISTINCT%20%3Fdataset)%20AS%20%3Ftotal_datasets)%0A%20%20(COUNT(DISTINCT%20%3FdatasetWithLD)%20AS%20%3FdatasetsWithLD)%0A%0A%0A%20%20WHERE%20%7B%0A%20%20%20%20%3Fdataset%20a%20dcat%3ADataset%20.%0A%20%20%20%20%3Fdataset%20dct%3Amodified%20%3Fmodified%20.%0A%20%20%20%20FILTER(YEAR(%3Fmodified)%20%3D%202023)%20.%0A%20%20%0A%20%20%20OPTIONAL%20%7B%0A%20%20%20%20%20%20%3Fdataset%20dcat%3Adistribution%20%3Fdistribution1%20.%0A%20%20%20%20%20%20%3Fdistribution1%20dct%3Aformat%20%3Fformat%20.%0A%20%20%20%20FILTER((CONTAINS(LCASE(STR(%3Fformat))%2C%20%22rdf%22))%20%7C%7C%20(CONTAINS(LCASE(STR(%3Fformat))%2C%20%22turtle%22))%20%7C%7C%20(CONTAINS(LCASE(STR(%3Fformat))%2C%20%22n3%22)%7C%7C%20(CONTAINS(LCASE(STR(%3Fformat))%2C%20%22jsonld%22))))%0A%20%20%20%20%20%20BIND(%3Fdataset%20AS%20%3FdatasetWithLD)%0A%20%20%20%20%7D%0A%20%7D&endpoint=https%3A%2F%2Fwww.govdata.de%2Fsparql&requestMethod=GET&tabTitle=Query&headers=%7B%7D&contentTypeConstruct=text%2Fturtle%2C*%2F*%3Bq%3D0.9&contentTypeSelect=application%2Fsparql-results%2Bjson%2C*%2F*%3Bq%3D0.9&outputFormat=table"
        },
        "text": "Für den Vergleichszeitraum 2023 wurden 2,43% der neu erstellten Datensätze in einem Linked-Data-Format veröffentlicht (443 von 18245) - diese Angaben bilden nur den Gesamtstand bei GovData ab, weil es aktuell keine einheitliche Datenlieferstelle der Behörden des Bundes gibt. Aus Gründen der Vergleichbarkeit werden sie daher nicht im Rahmen der aktuellen Erhebung bewertet"
      },
      {
        "criterion-number": "26",
        "title": "Freie Lizenzen",
        "points": "0",
        "citations": {
          "text": "mehr als zwei Drittel der aktualisierten Daten Zero oder BY-lizensiert",
          "link": "https://www.govdata.de/web/guest/sparql-assistent#query=PREFIX%20rdf%3A%20%3Chttp%3A%2F%2Fwww.w3.org%2F1999%2F02%2F22-rdf-syntax-ns%23%3E%0APREFIX%20rdfs%3A%20%3Chttp%3A%2F%2Fwww.w3.org%2F2000%2F01%2Frdf-schema%23%3E%0APREFIX%20dct%3A%20%3Chttp%3A%2F%2Fpurl.org%2Fdc%2Fterms%2F%3E%0APREFIX%20dcat%3A%20%3Chttp%3A%2F%2Fwww.w3.org%2Fns%2Fdcat%23%3E%0APREFIX%20contributor%3A%20%3Chttp%3A%2F%2Fdcat-ap.de%2Fdef%2Fcontributors%2F%3E%0A%0A%20SELECT%20%0A%20%20(COUNT(DISTINCT%20%3Fdataset)%20AS%20%3Ftotal_datasets)%0A%20%20(COUNT(DISTINCT%20%3FdatasetWithZeroLicense)%20AS%20%3FdatasetsWithZeroLicense)%0A%20%20(COUNT(DISTINCT%20%3FdatasetWithByLicense)%20AS%20%3FdatasetsWithByLicense)%0A%20%20WHERE%20%7B%0A%20%20%20%20%3Fdataset%20a%20dcat%3ADataset%20.%0A%20%20%20%20%3Fdataset%20dct%3Amodified%20%3Fmodified%20.%0A%20%20%20%20FILTER(YEAR(%3Fmodified)%20%3D%202023)%20.%0A%0A%20%20%20%20OPTIONAL%20%7B%0A%20%20%20%20%20%20%3Fdataset%20dcat%3Adistribution%20%3Fdistribution2%20.%0A%20%20%20%20%20%20%3Fdistribution2%20dct%3Alicense%20%3Flicense%20.%0A%20%20%20%20%20%20FILTER(CONTAINS(LCASE(STR(%3Flicense))%2C%20%22zero%22))%0A%20%20%20%20%20%20BIND(%3Fdataset%20AS%20%3FdatasetWithZeroLicense)%0A%20%20%20%20%7D%0A%20%20OPTIONAL%20%7B%0A%20%20%20%20%20%20%3Fdataset%20dcat%3Adistribution%20%3Fdistribution2%20.%0A%20%20%20%20%20%20%3Fdistribution2%20dct%3Alicense%20%3Flicense%20.%0A%20%20%20%20%20%20FILTER(CONTAINS(LCASE(STR(%3Flicense))%2C%20%22by%22))%0A%20%20%20%20%20%20BIND(%3Fdataset%20AS%20%3FdatasetWithByLicense)%0A%20%20%20%20%7D%0A%20%7D&endpoint=https%3A%2F%2Fwww.govdata.de%2Fsparql&requestMethod=GET&tabTitle=Query&headers=%7B%7D&contentTypeConstruct=text%2Fturtle%2C*%2F*%3Bq%3D0.9&contentTypeSelect=application%2Fsparql-results%2Bjson%2C*%2F*%3Bq%3D0.9&outputFormat=table"
        },
        "text": "Für den Vergleichszeitraum 2023 wurden 96,47% der aktualisierten oder neuen Datensätze mit Zero oder BY-Lizenz versehen (31566 von 32722) - diese Angaben bilden nur den Gesamtstand bei GovData ab, weil es aktuell keine einheitliche Datenlieferstelle der Behörden des Bundes gibt. Aus Gründen der Vergleichbarkeit werden sie daher nicht im Rahmen der aktuellen Erhebung bewertet"
      },
      {
        "criterion-number": "27",
        "title": "Open-Data-Beauftragte",
        "points": "2",
        "citations": {
          "text": "§12a Abs. 9 EGovG",
          "link": "https://www.gesetze-im-internet.de/egovg/__12a.html"
        }
      },
      {
        "criterion-number": "28",
        "title": "Open-Data-Beratungsstelle",
        "points": "2",
        "citations": {
          "text": [
            "§12a Abs. 10 EGovG",
            "Kompetenzzentrum Open Data (CCOD) im Bundesverwaltungsamt"
          ],
          "link": [
            "https://www.gesetze-im-internet.de/egovg/__12a.html",
            "https://www.bva.bund.de/DE/Services/Behoerden/Beratung/Beratungszentrum/OpenData/opendata_node.html"
          ]
        }
      },
      {
        "criterion-number": "29",
        "title": "Open-Data-Labore",
        "points": "1",
        "citations": {
          "text": "Datenlabore der Bundesministerien",
          "link": "https://netzpolitik.org/2023/transparenz-die-verborgene-digitalpolitik-deutscher-ministerien/"
        },
        "text": "In den Bundesministerien wurden Datenlabore in der aktuellen Legislaturperiode eingerichtet, konkrete Umsetzungen sind noch unklar."
      },
      {
        "criterion-number": "30",
        "title": "Unterstützungsangebote für Kommunen",
        "points": "1",
        "citations": {
          "text": "Unterstützungsangebote für Behörden der gesamten Bundesverwaltung - und damit auch den nachgeordneten Behörden",
          "link": "https://www.bva.bund.de/DE/Services/Behoerden/Beratung/Beratungszentrum/OpenData/opendata_node.html"
        }
      },
      {
        "criterion-number": "31",
        "title": "Öffentlichkeitsarbeit",
        "points": "1",
        "citations": {
          "text": "CCOD",
          "link": "https://www.bva.bund.de/SharedDocs/Kurzmeldungen/DE/Behoerden/Beratung/OpenData/Aktuelles/2023/081123_KickOff_ODF.html"
        },
        "text": "Beteiligungsformate bei Messen/Barcamps"
      },
      {
        "criterion-number": "32",
        "title": "API/Schnittstelle",
        "points": "1",
        "citations": {
          "text": "API-Dokumentation",
          "link": "https://dip.bundestag.de/%C3%BCber-dip/hilfe/api#content"
        },
        "text": "Einschränkung - es gibt einen öffentlichen API-Key, der manuell jährlich erneuert werden muss"
      },
      {
        "criterion-number": "33",
        "title": "Maschinenlesbarkeit von Plenarprotokollen",
        "points": "2",
        "citations": {
          "text": "Maschinenlesbare Plenarprotokolle",
          "link": "https://www.bundestag.de/services/opendata"
        }
      },
      {
        "criterion-number": "34",
        "title": "Aktualität von Plenarprotokollen",
        "points": "1",
        "citations": {
          "text": "Vorläufige Plenarprotokolle",
          "link": "https://www.bundestag.de/protokolle"
        },
        "text": "Die Veröffentlichung erfolgt am selben oder nächsten Tag."
      }
    ],
    "stats": [
      {
        "update": "2024-03-15",
        "text": "Datensätze bei GovData gesamt",
        "value": 101924,
        "link": "https://www.govdata.de/web/guest/sparql-assistent#query=PREFIX%20rdf%3A%20%3Chttp%3A%2F%2Fwww.w3.org%2F1999%2F02%2F22-rdf-syntax-ns%23%3E%0APREFIX%20rdfs%3A%20%3Chttp%3A%2F%2Fwww.w3.org%2F2000%2F01%2Frdf-schema%23%3E%0APREFIX%20dct%3A%20%3Chttp%3A%2F%2Fpurl.org%2Fdc%2Fterms%2F%3E%0APREFIX%20dcat%3A%20%3Chttp%3A%2F%2Fwww.w3.org%2Fns%2Fdcat%23%3E%0APREFIX%20foaf%3A%20%3Chttp%3A%2F%2Fxmlns.com%2Ffoaf%2F0.1%2F%3E%0APREFIX%20contributor%3A%20%3Chttp%3A%2F%2Fdcat-ap.de%2Fdef%2Fcontributors%2F%3E%0A%0ASELECT%20%0A%20%20(COUNT(DISTINCT%20%3Fdataset)%20AS%20%3Ftotal_datasets)%0A%20%20(COUNT(DISTINCT%20%3Fname)%20AS%20%3Ftotal_unique_publishers)%0AWHERE%20%7B%0A%20%20%3Fdataset%20a%20dcat%3ADataset%20.%0A%20%20%3Fdataset%20dct%3Apublisher%20%3Fpublisher%20.%0A%20%20%3Fpublisher%20foaf%3Aname%20%3Fname%20.%0A%7D%0A&endpoint=https%3A%2F%2Fwww.govdata.de%2Fsparql&requestMethod=GET&tabTitle=Query&headers=%7B%7D&contentTypeConstruct=text%2Fturtle%2C*%2F*%3Bq%3D0.9&contentTypeSelect=application%2Fsparql-results%2Bjson%2C*%2F*%3Bq%3D0.9&outputFormat=table"
      },
      {
        "update": "2024-03-15",
        "text": "Datensätze 2023 aktualisiert gesamt",
        "value": 32722,
        "link": "https://www.govdata.de/web/guest/sparql-assistent#query=PREFIX%20rdf%3A%20%3Chttp%3A%2F%2Fwww.w3.org%2F1999%2F02%2F22-rdf-syntax-ns%23%3E%0APREFIX%20rdfs%3A%20%3Chttp%3A%2F%2Fwww.w3.org%2F2000%2F01%2Frdf-schema%23%3E%0APREFIX%20dct%3A%20%3Chttp%3A%2F%2Fpurl.org%2Fdc%2Fterms%2F%3E%0APREFIX%20dcat%3A%20%3Chttp%3A%2F%2Fwww.w3.org%2Fns%2Fdcat%23%3E%0APREFIX%20contributor%3A%20%3Chttp%3A%2F%2Fdcat-ap.de%2Fdef%2Fcontributors%2F%3E%0A%0A%20SELECT%20%0A%20%20(COUNT(DISTINCT%20%3Fdataset)%20AS%20%3Ftotal_datasets)%0A%0A%20%20WHERE%20%7B%0A%20%20%20%20%3Fdataset%20a%20dcat%3ADataset%20.%0A%20%20%20%20%3Fdataset%20dct%3Amodified%20%3Fmodified%20.%0A%20%20%20%20FILTER(YEAR(%3Fmodified)%20%3D%202023)%20.%0A%0A%20%7D&endpoint=https%3A%2F%2Fwww.govdata.de%2Fsparql&requestMethod=GET&tabTitle=Query&headers=%7B%7D&contentTypeConstruct=text%2Fturtle%2C*%2F*%3Bq%3D0.9&contentTypeSelect=application%2Fsparql-results%2Bjson%2C*%2F*%3Bq%3D0.9&outputFormat=table"
      },
      {
        "update": "2024-03-15",
        "text": "Datensätze 2023 neu erstellt gesamt",
        "value": 18245,
        "link": "https://www.govdata.de/web/guest/sparql-assistent#query=PREFIX%20rdf%3A%20%3Chttp%3A%2F%2Fwww.w3.org%2F1999%2F02%2F22-rdf-syntax-ns%23%3E%0APREFIX%20rdfs%3A%20%3Chttp%3A%2F%2Fwww.w3.org%2F2000%2F01%2Frdf-schema%23%3E%0APREFIX%20dct%3A%20%3Chttp%3A%2F%2Fpurl.org%2Fdc%2Fterms%2F%3E%0APREFIX%20dcat%3A%20%3Chttp%3A%2F%2Fwww.w3.org%2Fns%2Fdcat%23%3E%0APREFIX%20contributor%3A%20%3Chttp%3A%2F%2Fdcat-ap.de%2Fdef%2Fcontributors%2F%3E%0A%0A%20SELECT%20%0A%20%20(COUNT(DISTINCT%20%3Fdataset)%20AS%20%3Ftotal_datasets)%0A%0A%20%20WHERE%20%7B%0A%20%20%20%20%3Fdataset%20a%20dcat%3ADataset%20.%0A%20%20%20%20%3Fdataset%20dct%3Aissued%20%3Fissued%20.%0A%20%20%20%20FILTER(YEAR(%3Fissued)%20%3D%202023)%20.%0A%0A%20%7D&endpoint=https%3A%2F%2Fwww.govdata.de%2Fsparql&requestMethod=GET&tabTitle=Query&headers=%7B%7D&contentTypeConstruct=text%2Fturtle%2C*%2F*%3Bq%3D0.9&contentTypeSelect=application%2Fsparql-results%2Bjson%2C*%2F*%3Bq%3D0.9&outputFormat=table"
      },
      {
        "update": "2024-03-15",
        "text": "Datensätze 2023 aktualisiert in Formaten CSV/XML/JSON",
        "value": 11563,
        "link": "https://www.govdata.de/web/guest/sparql-assistent#query=PREFIX%20rdf%3A%20%3Chttp%3A%2F%2Fwww.w3.org%2F1999%2F02%2F22-rdf-syntax-ns%23%3E%0APREFIX%20rdfs%3A%20%3Chttp%3A%2F%2Fwww.w3.org%2F2000%2F01%2Frdf-schema%23%3E%0APREFIX%20dct%3A%20%3Chttp%3A%2F%2Fpurl.org%2Fdc%2Fterms%2F%3E%0APREFIX%20dcat%3A%20%3Chttp%3A%2F%2Fwww.w3.org%2Fns%2Fdcat%23%3E%0APREFIX%20contributor%3A%20%3Chttp%3A%2F%2Fdcat-ap.de%2Fdef%2Fcontributors%2F%3E%0A%0A%20SELECT%20%0A%20%20(COUNT(DISTINCT%20%3Fdataset)%20AS%20%3Ftotal_datasets)%0A%20%20(COUNT(DISTINCT%20%3FdatasetWithPDF)%20AS%20%3FdatasetsWithPDF)%0A%20%20(COUNT(DISTINCT%20%3FdatasetWithXLS)%20AS%20%3FdatasetsWithXLS)%0A%20%20(COUNT(DISTINCT%20%3FdatasetWithCSVXMLJSON)%20AS%20%3FdatasetsWithCSVXMLJSON)%0A%20%20(COUNT(DISTINCT%20%3FdatasetWithLD)%20AS%20%3FdatasetsWithLD)%0A%0A%0A%20%20WHERE%20%7B%0A%20%20%20%20%3Fdataset%20a%20dcat%3ADataset%20.%0A%20%20%20%20%3Fdataset%20dct%3Amodified%20%3Fmodified%20.%0A%20%20%20%20FILTER(YEAR(%3Fmodified)%20%3D%202023)%20.%0A%0A%20%20%20%20OPTIONAL%20%7B%0A%20%20%20%20%20%20%3Fdataset%20dcat%3Adistribution%20%3Fdistribution1%20.%0A%20%20%20%20%20%20%3Fdistribution1%20dct%3Aformat%20%3Fformat%20.%0A%20%20%20%20%20%20FILTER(CONTAINS(LCASE(STR(%3Fformat))%2C%20%22pdf%22))%0A%20%20%20%20%20%20BIND(%3Fdataset%20AS%20%3FdatasetWithPDF)%0A%20%20%20%20%7D%0A%20%20%20%20OPTIONAL%20%7B%0A%20%20%20%20%20%20%3Fdataset%20dcat%3Adistribution%20%3Fdistribution1%20.%0A%20%20%20%20%20%20%3Fdistribution1%20dct%3Aformat%20%3Fformat%20.%0A%20%20%20%20%20%20FILTER(CONTAINS(LCASE(STR(%3Fformat))%2C%20%22xls%22))%0A%20%20%20%20%20%20BIND(%3Fdataset%20AS%20%3FdatasetWithXLS)%0A%20%20%20%20%7D%0A%20%20%20%20OPTIONAL%20%7B%0A%20%20%20%20%20%20%3Fdataset%20dcat%3Adistribution%20%3Fdistribution1%20.%0A%20%20%20%20%20%20%3Fdistribution1%20dct%3Aformat%20%3Fformat%20.%0A%20%20%20%20%20%20FILTER(CONTAINS(LCASE(STR(%3Fformat))%2C%20%22csv%22)%7C%7C%20CONTAINS(LCASE(STR(%3Fformat))%2C%20%22xml%22)%20%7C%7C%20CONTAINS(LCASE(STR(%3Fformat))%2C%20%22json%22))%0A%20%20%20%20%20%20BIND(%3Fdataset%20AS%20%3FdatasetWithCSVXMLJSON)%0A%20%20%20%20%7D%0A%20%20%20OPTIONAL%20%7B%0A%20%20%20%20%20%20%3Fdataset%20dcat%3Adistribution%20%3Fdistribution1%20.%0A%20%20%20%20%20%20%3Fdistribution1%20dct%3Aformat%20%3Fformat%20.%0A%20%20%20%20FILTER((CONTAINS(LCASE(STR(%3Fformat))%2C%20%22rdf%22))%20%7C%7C%20(CONTAINS(LCASE(STR(%3Fformat))%2C%20%22turtle%22))%20%7C%7C%20(CONTAINS(LCASE(STR(%3Fformat))%2C%20%22n3%22)%7C%7C%20(CONTAINS(LCASE(STR(%3Fformat))%2C%20%22jsonld%22))))%0A%20%20%20%20%20%20BIND(%3Fdataset%20AS%20%3FdatasetWithLD)%0A%20%20%20%20%7D%0A%20%7D&endpoint=https%3A%2F%2Fwww.govdata.de%2Fsparql&requestMethod=GET&tabTitle=Query&headers=%7B%7D&contentTypeConstruct=text%2Fturtle%2C*%2F*%3Bq%3D0.9&contentTypeSelect=application%2Fsparql-results%2Bjson%2C*%2F*%3Bq%3D0.9&outputFormat=table"
      },
      {
        "update": "2024-03-15",
        "text": "Datensätze 2023 in Linked-Data-Formaten bereitgestellt",
        "value": 443,
        "link": "https://www.govdata.de/web/guest/sparql-assistent#query=PREFIX%20rdf%3A%20%3Chttp%3A%2F%2Fwww.w3.org%2F1999%2F02%2F22-rdf-syntax-ns%23%3E%0APREFIX%20rdfs%3A%20%3Chttp%3A%2F%2Fwww.w3.org%2F2000%2F01%2Frdf-schema%23%3E%0APREFIX%20dct%3A%20%3Chttp%3A%2F%2Fpurl.org%2Fdc%2Fterms%2F%3E%0APREFIX%20dcat%3A%20%3Chttp%3A%2F%2Fwww.w3.org%2Fns%2Fdcat%23%3E%0APREFIX%20contributor%3A%20%3Chttp%3A%2F%2Fdcat-ap.de%2Fdef%2Fcontributors%2F%3E%0A%0A%20SELECT%20%0A%20%20(COUNT(DISTINCT%20%3Fdataset)%20AS%20%3Ftotal_datasets)%0A%20%20(COUNT(DISTINCT%20%3FdatasetWithLD)%20AS%20%3FdatasetsWithLD)%0A%0A%0A%20%20WHERE%20%7B%0A%20%20%20%20%3Fdataset%20a%20dcat%3ADataset%20.%0A%20%20%20%20%3Fdataset%20dct%3Amodified%20%3Fmodified%20.%0A%20%20%20%20FILTER(YEAR(%3Fmodified)%20%3D%202023)%20.%0A%20%20%0A%20%20%20OPTIONAL%20%7B%0A%20%20%20%20%20%20%3Fdataset%20dcat%3Adistribution%20%3Fdistribution1%20.%0A%20%20%20%20%20%20%3Fdistribution1%20dct%3Aformat%20%3Fformat%20.%0A%20%20%20%20FILTER((CONTAINS(LCASE(STR(%3Fformat))%2C%20%22rdf%22))%20%7C%7C%20(CONTAINS(LCASE(STR(%3Fformat))%2C%20%22turtle%22))%20%7C%7C%20(CONTAINS(LCASE(STR(%3Fformat))%2C%20%22n3%22)%7C%7C%20(CONTAINS(LCASE(STR(%3Fformat))%2C%20%22jsonld%22))))%0A%20%20%20%20%20%20BIND(%3Fdataset%20AS%20%3FdatasetWithLD)%0A%20%20%20%20%7D%0A%20%7D&endpoint=https%3A%2F%2Fwww.govdata.de%2Fsparql&requestMethod=GET&tabTitle=Query&headers=%7B%7D&contentTypeConstruct=text%2Fturtle%2C*%2F*%3Bq%3D0.9&contentTypeSelect=application%2Fsparql-results%2Bjson%2C*%2F*%3Bq%3D0.9&outputFormat=table"
      },
      {
        "update": "2024-03-15",
        "text": "Datensätze 2023 aktualisiert mit Zero-Lizenz",
        "value": 6435,
        "link": "https://www.govdata.de/web/guest/sparql-assistent#query=PREFIX%20rdf%3A%20%3Chttp%3A%2F%2Fwww.w3.org%2F1999%2F02%2F22-rdf-syntax-ns%23%3E%0APREFIX%20rdfs%3A%20%3Chttp%3A%2F%2Fwww.w3.org%2F2000%2F01%2Frdf-schema%23%3E%0APREFIX%20dct%3A%20%3Chttp%3A%2F%2Fpurl.org%2Fdc%2Fterms%2F%3E%0APREFIX%20dcat%3A%20%3Chttp%3A%2F%2Fwww.w3.org%2Fns%2Fdcat%23%3E%0APREFIX%20contributor%3A%20%3Chttp%3A%2F%2Fdcat-ap.de%2Fdef%2Fcontributors%2F%3E%0A%0A%20SELECT%20%0A%20%20(COUNT(DISTINCT%20%3Fdataset)%20AS%20%3Ftotal_datasets)%0A%20%20(COUNT(DISTINCT%20%3FdatasetWithZeroLicense)%20AS%20%3FdatasetsWithZeroLicense)%0A%20%20(COUNT(DISTINCT%20%3FdatasetWithByLicense)%20AS%20%3FdatasetsWithByLicense)%0A%20%20WHERE%20%7B%0A%20%20%20%20%3Fdataset%20a%20dcat%3ADataset%20.%0A%20%20%20%20%3Fdataset%20dct%3Amodified%20%3Fmodified%20.%0A%20%20%20%20FILTER(YEAR(%3Fmodified)%20%3D%202023)%20.%0A%0A%20%20%20%20OPTIONAL%20%7B%0A%20%20%20%20%20%20%3Fdataset%20dcat%3Adistribution%20%3Fdistribution2%20.%0A%20%20%20%20%20%20%3Fdistribution2%20dct%3Alicense%20%3Flicense%20.%0A%20%20%20%20%20%20FILTER(CONTAINS(LCASE(STR(%3Flicense))%2C%20%22zero%22))%0A%20%20%20%20%20%20BIND(%3Fdataset%20AS%20%3FdatasetWithZeroLicense)%0A%20%20%20%20%7D%0A%20%20OPTIONAL%20%7B%0A%20%20%20%20%20%20%3Fdataset%20dcat%3Adistribution%20%3Fdistribution2%20.%0A%20%20%20%20%20%20%3Fdistribution2%20dct%3Alicense%20%3Flicense%20.%0A%20%20%20%20%20%20FILTER(CONTAINS(LCASE(STR(%3Flicense))%2C%20%22by%22))%0A%20%20%20%20%20%20BIND(%3Fdataset%20AS%20%3FdatasetWithByLicense)%0A%20%20%20%20%7D%0A%20%7D&endpoint=https%3A%2F%2Fwww.govdata.de%2Fsparql&requestMethod=GET&tabTitle=Query&headers=%7B%7D&contentTypeConstruct=text%2Fturtle%2C*%2F*%3Bq%3D0.9&contentTypeSelect=application%2Fsparql-results%2Bjson%2C*%2F*%3Bq%3D0.9&outputFormat=table"
      },
      {
        "update": "2024-03-15",
        "text": "Datensätze 2023 aktualisiert mit BY-Lizenz",
        "value": 25131,
        "link": "https://www.govdata.de/web/guest/sparql-assistent#query=PREFIX%20rdf%3A%20%3Chttp%3A%2F%2Fwww.w3.org%2F1999%2F02%2F22-rdf-syntax-ns%23%3E%0APREFIX%20rdfs%3A%20%3Chttp%3A%2F%2Fwww.w3.org%2F2000%2F01%2Frdf-schema%23%3E%0APREFIX%20dct%3A%20%3Chttp%3A%2F%2Fpurl.org%2Fdc%2Fterms%2F%3E%0APREFIX%20dcat%3A%20%3Chttp%3A%2F%2Fwww.w3.org%2Fns%2Fdcat%23%3E%0APREFIX%20contributor%3A%20%3Chttp%3A%2F%2Fdcat-ap.de%2Fdef%2Fcontributors%2F%3E%0A%0A%20SELECT%20%0A%20%20(COUNT(DISTINCT%20%3Fdataset)%20AS%20%3Ftotal_datasets)%0A%20%20(COUNT(DISTINCT%20%3FdatasetWithZeroLicense)%20AS%20%3FdatasetsWithZeroLicense)%0A%20%20(COUNT(DISTINCT%20%3FdatasetWithByLicense)%20AS%20%3FdatasetsWithByLicense)%0A%20%20WHERE%20%7B%0A%20%20%20%20%3Fdataset%20a%20dcat%3ADataset%20.%0A%20%20%20%20%3Fdataset%20dct%3Amodified%20%3Fmodified%20.%0A%20%20%20%20FILTER(YEAR(%3Fmodified)%20%3D%202023)%20.%0A%0A%20%20%20%20OPTIONAL%20%7B%0A%20%20%20%20%20%20%3Fdataset%20dcat%3Adistribution%20%3Fdistribution2%20.%0A%20%20%20%20%20%20%3Fdistribution2%20dct%3Alicense%20%3Flicense%20.%0A%20%20%20%20%20%20FILTER(CONTAINS(LCASE(STR(%3Flicense))%2C%20%22zero%22))%0A%20%20%20%20%20%20BIND(%3Fdataset%20AS%20%3FdatasetWithZeroLicense)%0A%20%20%20%20%7D%0A%20%20OPTIONAL%20%7B%0A%20%20%20%20%20%20%3Fdataset%20dcat%3Adistribution%20%3Fdistribution2%20.%0A%20%20%20%20%20%20%3Fdistribution2%20dct%3Alicense%20%3Flicense%20.%0A%20%20%20%20%20%20FILTER(CONTAINS(LCASE(STR(%3Flicense))%2C%20%22by%22))%0A%20%20%20%20%20%20BIND(%3Fdataset%20AS%20%3FdatasetWithByLicense)%0A%20%20%20%20%7D%0A%20%7D&endpoint=https%3A%2F%2Fwww.govdata.de%2Fsparql&requestMethod=GET&tabTitle=Query&headers=%7B%7D&contentTypeConstruct=text%2Fturtle%2C*%2F*%3Bq%3D0.9&contentTypeSelect=application%2Fsparql-results%2Bjson%2C*%2F*%3Bq%3D0.9&outputFormat=table"
      }
    ]
  }
