{
  "meta": {
    "name": "Open Data Ranking 2024",
    "description": "Dataset containing the data for the 16 federal states and the federal government of the Open Data Ranking Germany 2024",
    "author": "Open Knowledge Foundation Deutschland",
    "email": "opendata@okfn.de",
    "url": "https://www.OpenDataRanking.de",
    "license": "CC-BY-4.0"
  },
  "name" : "Hessen",
  "short" : "HE",
  "criteria" : [ 
    {
    "criterion-number" : "1",
    "title" : "Rechtsanspruch auf Open Data",
    "points" : "0",
    "citations" : {
      "text" : "§5 Abs. 1 HODag",
      "link" : "https://www.rv.hessenrecht.hessen.de/perma?d=jlr-OpenDataGHEpP5"
    },
    "text" : "Ein Anspruch auf die Bereitstellung von Daten besteht explizit nicht."
  }, {
    "criterion-number" : "2",
    "title" : "Gesetzeslage",
    "points" : "2",
    "citations" : {
      "text" : [ "HODaG (2023)", "HEGovG (2023 [2018])" ],
      "link" : [ "https://www.rv.hessenrecht.hessen.de/perma?d=jlr-OpenDataGHEpP1", "https://www.rv.hessenrecht.hessen.de/perma?d=jlr-EGovGHErahmen" ]
    },
    "text" : "Open-Data-Gesetz"
  }, {
    "criterion-number" : "3",
    "title" : "Evaluation",
    "points" : "1",
    "citations" : {
      "text" : "§6 Abs. 1 HODaG",
      "link" : "https://www.rv.hessenrecht.hessen.de/perma?d=jlr-OpenDataGHEpP6"
    },
    "text" : "Evaluation drei Jahre nach Erscheinen des Open-Data-Gesetzes, dann alle vier Jahre mit wissenschaftlicher Unterstützung"
  }, {
    "criterion-number" : "4",
    "title" : "Behördendefinition",
    "points" : "1",
    "citations" : {
      "text" : "§1 Abs. 1 HODaG",
      "link" : "https://www.rv.hessenrecht.hessen.de/perma?d=jlr-OpenDataGHEpP1"
    },
    "text" : "Behörden des Landes. Gemeinden, Gemeindeverbände und Landkreise sind nicht verpflichtet"
  }, {
    "criterion-number" : "5",
    "title" : "Anstalten, Körperschaften, Unternehmen",
    "points" : "0",
    "citations" : {
      "text" : "keine Erwähnung"
    }
  }, {
    "criterion-number" : "6",
    "title" : "Forschungsdaten",
    "points" : "0",
    "citations" : {
      "text" : "§1 Abs. 4, Satz 4 HODaG",
      "link" : "https://www.rv.hessenrecht.hessen.de/perma?d=jlr-OpenDataGHEpP1"
    },
    "text" : "Forschungsdaten explizit ausgenommen"
  }, {
    "criterion-number" : "7",
    "title" : "Ausnahmen",
    "points" : "1",
    "citations" : {
      "text" : "§1 Abs. 2 HODaG",
      "link" : "https://www.rv.hessenrecht.hessen.de/perma?d=jlr-OpenDataGHEpP1"
    },
    "text" : "Hessischer Landtag & Fraktionen bei parlamentarischen Aufgaben (inkl. Rechtsgutachten); Einschränkungen bei Justiz; Schulen; Beauftragte für Datenschutz und Beauftragte für Menschen mit Behinderungen; Polizeibehörden und Landesamt für Verfassungsschutz"
  }, {
    "criterion-number" : "8",
    "title" : "Pauschale Ausschlusskriterien",
    "points" : "1",
    "citations" : {
      "text" : "§1 Abs. 4 HODaG",
      "link" : "https://www.rv.hessenrecht.hessen.de/perma?d=jlr-OpenDataGHEpP1"
    },
    "text" : "Mehr als ein Dutzend Ausnahmen, darunter Datenschutz, das Urheberrecht, das Wettbewerbsrecht, Geschäftsgeheimnisse und nationale Sicherheit"
  }, {
    "criterion-number" : "9",
    "title" : "Datenkatalog",
    "points" : "0",
    "citations" : {
      "text" : "keine Erwähnung"
    }
  }, {
    "criterion-number" : "10",
    "title" : "Rohdaten",
    "points" : "1",
    "citations" : {
      "text" : "§1 Abs. 1, 3 HODaG",
      "link" : "https://www.rv.hessenrecht.hessen.de/perma?d=jlr-OpenDataGHEpP1"
    },
    "text" : "Maschinenlesbare unbearbeitete Daten, die sie selbst zur Erfüllung ihrer Aufgaben erhoben haben"
  }, {
    "criterion-number" : "11",
    "title" : "Daten im Auftrag von Dritten",
    "points" : "1",
    "citations" : {
      "text" : "§1 Abs. 1, HODaG",
      "link" : "https://www.rv.hessenrecht.hessen.de/perma?d=jlr-OpenDataGHEpP1"
    }
  }, {
    "criterion-number" : "12",
    "title" : "Offenheit",
    "points" : "1",
    "citations" : {
      "text" : "§4 Abs. 1, HODaG",
      "link" : "https://www.rv.hessenrecht.hessen.de/perma?d=jlr-OpenDataGHEpP4"
    }
  }, {
    "criterion-number" : "13",
    "title" : "Maschinenlesbarkeit",
    "points" : "0",
    "citations" : {
      "text" : "keine Erwähnung"
    }
  }, {
    "criterion-number" : "14",
    "title" : "Aktualität",
    "points" : "0",
    "citations" : {
      "text" : "keine Erwähnung"
    }
  }, {
    "criterion-number" : "15",
    "title" : "Dauerhaftigkeit",
    "points" : "1",
    "citations" : {
      "text" : "§4 Abs. 3, HODaG",
      "link" : "https://www.rv.hessenrecht.hessen.de/perma?d=jlr-OpenDataGHEpP4"
    }
  }, {
    "criterion-number" : "16",
    "title" : "Lizenz",
    "points" : "1",
    "citations" : {
      "text" : "§4 Abs. 3, HODaG",
      "link" : "https://www.rv.hessenrecht.hessen.de/perma?d=jlr-OpenDataGHEpP4"
    }
  }, {
    "criterion-number" : "17",
    "title" : "Schnittstellen",
    "points" : "0",
    "citations" : {
      "text" : "keine Erwähnung"
    }
  }, {
    "criterion-number" : "18",
    "title" : "Diskriminierungsfreiheit",
    "points" : "1",
    "citations" : {
      "text" : "§5 Abs. 1, HODaG",
      "link" : "https://www.rv.hessenrecht.hessen.de/perma?d=jlr-OpenDataGHEpP5"
    }
  }, {
    "criterion-number" : "19",
    "title" : "Kostenfreiheit",
    "points" : "1",
    "citations" : {
      "text" : "§3 Abs. 1, HODaG",
      "link" : "https://www.rv.hessenrecht.hessen.de/perma?d=jlr-OpenDataGHEpP3"
    }
  }, {
    "criterion-number" : "20",
    "title" : "Portal für Open Data",
    "points" : "0",
    "citations" : {
      "text" : "nicht vorhanden"
    }
  }, {
    "criterion-number" : "21",
    "title" : "Portal-Schnittstellen",
    "points" : "0",
    "citations" : {
      "text" : "nicht vorhanden"
    }
  }, {
    "criterion-number" : "22",
    "title" : "API mit Dokumentation",
    "points" : "0",
    "citations" : {
      "text" : "nicht vorhanden"
    }
  }, {
    "criterion-number" : "23",
    "title" : "SPARQL-Abfragen",
    "points" : "0",
    "citations" : {
      "text" : "nicht vorhanden"
    }
  }, {
    "criterion-number" : "24",
    "title" : "Aktualität der Daten",
    "points" : "0",
    "citations" : {
      "text" : "nicht vorhanden"
    }
  }, {
    "criterion-number" : "25",
    "title" : "Linked Data",
    "points" : "0",
    "citations" : {
      "text" : "nicht vorhanden"
    }
  }, {
    "criterion-number" : "26",
    "title" : "Freie Lizenzen",
    "points" : "0",
    "citations" : {
      "text" : "nicht vorhanden"
    }
  }, {
    "criterion-number" : "27",
    "title" : "Open-Data-Beauftragte",
    "points" : "0",
    "citations" : {
      "text" : "nicht vorhanden"
    }
  }, {
    "criterion-number" : "28",
    "title" : "Open-Data-Beratungsstelle",
    "points" : "1",
    "citations" : {
      "text" : "§3 Abs. 1, HODaG",
      "link" : "https://www.rv.hessenrecht.hessen.de/perma?d=jlr-OpenDataGHEpP3"
    },
    "text" : "Ja, laut Gesetz, aber aktuell noch nicht umgesetzt"
  }, {
    "criterion-number" : "29",
    "title" : "Open-Data-Labore",
    "points" : "0",
    "citations" : {
      "text" : "nicht vorhanden"
    }
  }, {
    "criterion-number" : "30",
    "title" : "Unterstützungsangebote für Kommunen",
    "points" : "0",
    "citations" : {
      "text" : "nicht vorhanden"
    }
  }, {
    "criterion-number" : "31",
    "title" : "Öffentlichkeitsarbeit",
    "points" : "0",
    "citations" : {
      "text" : "nicht vorhanden"
    }
  }, {
    "criterion-number" : "32",
    "title" : "API/Schnittstelle",
    "points" : "0",
    "citations" : {
      "text" : "keine API",
      "link" : "https://www.datawrapper.de/_/9CgBo/"
    }
  }, {
    "criterion-number" : "33",
    "title" : "Maschinenlesbarkeit von Plenarprotokollen",
    "points" : "0",
    "citations" : {
      "text" : "keine maschinenlesbare Protokolle",
      "link" : "https://www.datawrapper.de/_/9CgBo/"
    }
  }, {
    "criterion-number" : "34",
    "title" : "Aktualität von Plenarprotokollen",
    "points" : "0",
    "citations" : {
      "text" : "Veröffentlichung dauert länger als eine Woche",
      "link" : "https://www.datawrapper.de/_/6tNWF/"
    },
    "text" : "In der letzten Legislaturperiode lagen im Median 16 Tage zwischen Sitzung und Veröffentlichung."
  } 
], 
  "stats" : [ {
    "update" : "2024-03-15",
    "text" : "Datensätze bei GovData gesamt",
    "value" : 0
  }, {
    "update" : "2024-03-15",
    "text" : "Datensätze 2023 aktualisiert gesamt",
    "value" : 0
  }, {
    "update" : "2024-03-15",
    "text" : "Datensätze 2023 neu erstellt gesamt",
    "value" : 0
  }, {
    "update" : "2024-03-15",
    "text" : "Datensätze 2023 aktualisiert in Formaten CSV/XML/JSON",
    "value" : 0
  }, {
    "update" : "2024-03-15",
    "text" : "Datensätze 2023 in Linked-Data-Formaten bereitgestellt",
    "value" : 0
  }, {
    "update" : "2024-03-15",
    "text" : "Datensätze 2023 aktualisiert mit Zero-Lizenz",
    "value" : 0
  }, {
    "update" : "2024-03-15",
    "text" : "Datensätze 2023 aktualisiert mit BY-Lizenz",
    "value" : 0
  } ]
} 