{
  "meta": {
    "name": "Open Data Ranking 2024",
    "description": "Dataset containing the data for the 16 federal states and the federal government of the Open Data Ranking Germany 2024",
    "author": "Open Knowledge Foundation Deutschland",
    "email": "opendata@okfn.de",
    "url": "https://www.OpenDataRanking.de",
    "license": "CC-BY-4.0"
  },
  "name" : "Rheinland-Pfalz",
  "short" : "RP",
  "criteria" : [ 
    {
    "criterion-number" : "1",
    "title" : "Rechtsanspruch auf Open Data",
    "points" : "5",
    "citations" : {
      "text" : "§2 Abs. 1 LTranspG",
      "link" : "https://landesrecht.rlp.de/bsrp/document/jlr-TranspGRPpP2"
    },
    "text" : "Nur Anspruch auf die Veröffentlichung und Bereitstellung der in §7 LTranspG genannten Informationen"
  }, {
    "criterion-number" : "2",
    "title" : "Gesetzeslage",
    "points" : "2",
    "citations" : {
      "text" : [ "LTranspG (2020[2015])", "EGovGRP (2020)" ],
      "link" : [ "https://landesrecht.rlp.de/bsrp/document/jlr-TranspGRPrahmen", "https://landesrecht.rlp.de/bsrp/document/jlr-EGovGRPrahmen" ]
    },
    "text" : "E-Government-Gesetz und Landestransparenzgesetz mit Open-Data-Einsprengseln"
  }, {
    "criterion-number" : "3",
    "title" : "Evaluation",
    "points" : "0",
    "citations" : {
      "text" : "§23 LTranspG",
      "link" : "https://landesrecht.rlp.de/bsrp/document/jlr-TranspGRPpP23"
    },
    "text" : "Nur einmalige Evaluation über die Auswirkungen des Landestransparenzgesetzes"
  }, {
    "criterion-number" : "4",
    "title" : "Behördendefinition",
    "points" : "1",
    "citations" : {
      "text" : "§3 Abs. 1 LTranspG",
      "link" : "https://recht.nrw.de/lmi/owa/br_bes_detail?sg=0&menu=0&bes_id=34925&anw_nr=2&aufgehoben=N&det_id=552085"
    },
    "text" : "Behörden des Landes und der Gemeinden, inklusive Privater, die öffentliche Aufgaben erfüllen. Bei Umweltinformationen weiter gefasst."
  }, {
    "criterion-number" : "5",
    "title" : "Anstalten, Körperschaften, Unternehmen",
    "points" : "1",
    "citations" : {
      "text" : "§3 Abs. 2 LTranspG",
      "link" : "https://recht.nrw.de/lmi/owa/br_bes_detail?sg=0&menu=0&bes_id=34925&anw_nr=2&aufgehoben=N&det_id=552085"
    },
    "text" : "Für Körperschaften und Unternehmen der umweltbezogenen Daseinsvorsorge, die dem Land unterstehen"
  }, {
    "criterion-number" : "6",
    "title" : "Forschungsdaten",
    "points" : "0",
    "citations" : {
      "text" : "keine Erwähnung"
    },
    "text" : "nicht explizit"
  }, {
    "criterion-number" : "7",
    "title" : "Ausnahmen",
    "points" : "1",
    "citations" : {
      "text" : "§3 Abs. 4 LTranspG",
      "link" : "https://landesrecht.rlp.de/bsrp/document/jlr-TranspGRPpP3"
    },
    "text" : "Ausnahmen bei Justiz, Landtag, Rechnungshof, Rundfunkanstalten, öffentlich-rechtlichen Kreditinstituten"
  }, {
    "criterion-number" : "8",
    "title" : "Pauschale Ausschlusskriterien",
    "points" : "1",
    "citations" : {
      "text" : "§14-17 LTranspG",
      "link" : "https://landesrecht.rlp.de/bsrp/document/jlr-TranspGRPpG4"
    },
    "text" : "Einschränkungen aus IFG, Urheberrecht, Personenbezogene Daten"
  }, {
    "criterion-number" : "9",
    "title" : "Datenkatalog",
    "points" : "1",
    "citations" : {
      "text" : "§7 LTranspG",
      "link" : "https://landesrecht.rlp.de/bsrp/document/jlr-TranspGRPpP7"
    },
    "text" : "Lange Aufzählung inklusive Geodaten, Umweltinformationen und Unternehmensdaten"
  }, {
    "criterion-number" : "10",
    "title" : "Rohdaten",
    "points" : "0",
    "citations" : {
      "text" : "keine Erwähnung"
    }
  }, {
    "criterion-number" : "11",
    "title" : "Daten im Auftrag von Dritten",
    "points" : "0",
    "citations" : {
      "text" : "keine Erwähnung"
    }
  }, {
    "criterion-number" : "12",
    "title" : "Offenheit",
    "points" : "1",
    "citations" : {
      "text" : "§8 Abs. 3 LTranspG",
      "link" : "https://landesrecht.rlp.de/bsrp/document/jlr-TranspGRPV1P8"
    },
    "text" : "'soweit möglich und wenn damit für die transparenzpflichtige Stelle kein unverhältnismäßiger Aufwand verbunden ist'"
  }, {
    "criterion-number" : "13",
    "title" : "Maschinenlesbarkeit",
    "points" : "1",
    "citations" : {
      "text" : "§11 LTranspG",
      "link" : "https://landesrecht.rlp.de/bsrp/document/jlr-EGovGRPpP11"
    },
    "text" : "Ja, wenn ein Verarbeitungsinteresse und Weiterverwendungsinteresse nach Informationsweiterverwendungsgesetz vorliegt."
  }, {
    "criterion-number" : "14",
    "title" : "Aktualität",
    "points" : "0",
    "citations" : {
      "text" : "§8 Abs. 4 LTranspG",
      "link" : "https://landesrecht.rlp.de/bsrp/document/jlr-TranspGRPV1P8"
    },
    "text" : "'In angemessenen Abständen zu aktualisieren'"
  }, {
    "criterion-number" : "15",
    "title" : "Dauerhaftigkeit",
    "points" : "0",
    "citations" : {
      "text" : "§8 Abs. 5 LTranspG",
      "link" : "https://landesrecht.rlp.de/bsrp/document/jlr-TranspGRPV1P8"
    },
    "text" : "10 Jahre, Umweltdaten dauerhaft"
  }, {
    "criterion-number" : "16",
    "title" : "Lizenz",
    "points" : "1",
    "citations" : {
      "text" : "§10 Abs. 2 LTranspG",
      "link" : "https://landesrecht.rlp.de/bsrp/document/jlr-TranspGRPV1P8"
    },
    "text" : "Frei. Behörden sollen sich diese Nutzungsrechte im Umgang mit Dritten garantieren lassen."
  }, {
    "criterion-number" : "17",
    "title" : "Schnittstellen",
    "points" : "0",
    "citations" : {
      "text" : "keine Erwähnung"
    }
  }, {
    "criterion-number" : "18",
    "title" : "Diskriminierungsfreiheit",
    "points" : "1",
    "citations" : {
      "text" : "§10 Abs. 1 LTranspG",
      "link" : "https://landesrecht.rlp.de/bsrp/document/jlr-TranspGRPV1P8"
    },
    "text" : "Zugang in anonymer Form"
  }, {
    "criterion-number" : "19",
    "title" : "Kostenfreiheit",
    "points" : "1",
    "citations" : {
      "text" : "§10 Abs. 1 LTranspG",
      "link" : "https://landesrecht.rlp.de/bsrp/document/jlr-TranspGRPV1P8"
    }
  }, {
    "criterion-number" : "20",
    "title" : "Portal für Open Data",
    "points" : "6",
    "citations" : {
      "text" : "Open-Government-Data-Portal Rheinland-Pfalz",
      "link" : "https://daten.rlp.de/"
    }
  }, {
    "criterion-number" : "21",
    "title" : "Portal-Schnittstellen",
    "points" : "1",
    "citations" : {
      "text" : "Nur über Kontaktformular",
      "link" : "https://daten.rlp.de/pages/faq"
    }
  }, {
    "criterion-number" : "22",
    "title" : "API mit Dokumentation",
    "points" : "0",
    "citations" : {
      "text" : "nicht vorhanden"
    }
  }, {
    "criterion-number" : "23",
    "title" : "SPARQL-Abfragen",
    "points" : "0",
    "citations" : {
      "text" : "nicht vorhanden"
    }
  }, {
    "criterion-number" : "24",
    "title" : "Aktualität der Daten",
    "points" : "5",
    "citations" : {
      "text" : "mehr als ein Drittel des Datenbestands aktualisiert",
      "link" : "https://www.govdata.de/web/guest/sparql-assistent#query=PREFIX%20rdf%3A%20%3Chttp%3A%2F%2Fwww.w3.org%2F1999%2F02%2F22-rdf-syntax-ns%23%3E%0APREFIX%20rdfs%3A%20%3Chttp%3A%2F%2Fwww.w3.org%2F2000%2F01%2Frdf-schema%23%3E%0APREFIX%20dct%3A%20%3Chttp%3A%2F%2Fpurl.org%2Fdc%2Fterms%2F%3E%0APREFIX%20dcat%3A%20%3Chttp%3A%2F%2Fwww.w3.org%2Fns%2Fdcat%23%3E%0APREFIX%20contributor%3A%20%3Chttp%3A%2F%2Fdcat-ap.de%2Fdef%2Fcontributors%2F%3E%0A%0A%20SELECT%20%0A%20%20(COUNT(DISTINCT%20%3Fdataset)%20AS%20%3Ftotal_datasets)%0A%0A%20%20WHERE%20%7B%0A%20%20%20%20%3Fdataset%20a%20dcat%3ADataset%20.%0A%20%20%20%20%3Fdataset%20%3FcontributorIDpredicate%20contributor%3AopenGovernmentDataPortalRheinlandPfalz%20.%0A%20%20%20%20%3Fdataset%20dct%3Amodified%20%3Fmodified%20.%0A%20%20%20%20FILTER(YEAR(%3Fmodified)%20%3D%202023)%20.%0A%0A%20%7D&endpoint=https%3A%2F%2Fwww.govdata.de%2Fsparql&requestMethod=GET&tabTitle=Query&headers=%7B%7D&contentTypeConstruct=text%2Fturtle%2C*%2F*%3Bq%3D0.9&contentTypeSelect=application%2Fsparql-results%2Bjson%2C*%2F*%3Bq%3D0.9&outputFormat=table"
    },
    "text" : "Für den Vergleichszeitraum 2023 wurden 66,71% auf das Gesamtdatenvorkommen bezogen neu erstellt oder aktualisiert (4434 von 6497)"
  }, {
    "criterion-number" : "25",
    "title" : "Linked Data",
    "points" : "0",
    "citations" : {
      "text" : "es wurden keine Linked Data veröffentlicht",
      "link" : "https://www.govdata.de/web/guest/sparql-assistent#query=PREFIX%20rdf%3A%20%3Chttp%3A%2F%2Fwww.w3.org%2F1999%2F02%2F22-rdf-syntax-ns%23%3E%0APREFIX%20rdfs%3A%20%3Chttp%3A%2F%2Fwww.w3.org%2F2000%2F01%2Frdf-schema%23%3E%0APREFIX%20dct%3A%20%3Chttp%3A%2F%2Fpurl.org%2Fdc%2Fterms%2F%3E%0APREFIX%20dcat%3A%20%3Chttp%3A%2F%2Fwww.w3.org%2Fns%2Fdcat%23%3E%0APREFIX%20contributor%3A%20%3Chttp%3A%2F%2Fdcat-ap.de%2Fdef%2Fcontributors%2F%3E%0A%0A%20SELECT%20%0A%20%20(COUNT(DISTINCT%20%3Fdataset)%20AS%20%3Ftotal_datasets)%0A%20%20(COUNT(DISTINCT%20%3FdatasetWithLD)%20AS%20%3FdatasetsWithLD)%0A%0A%0A%20%20WHERE%20%7B%0A%20%20%20%20%3Fdataset%20a%20dcat%3ADataset%20.%0A%20%20%20%20%3Fdataset%20%3FcontributorIDpredicate%20contributor%3AopenGovernmentDataPortalRheinlandPfalz%20.%0A%20%20%20%20%3Fdataset%20dct%3Amodified%20%3Fmodified%20.%0A%20%20%20%20FILTER(YEAR(%3Fmodified)%20%3D%202023)%20.%0A%0A%20%20%0A%20%20%20OPTIONAL%20%7B%0A%20%20%20%20%20%20%3Fdataset%20dcat%3Adistribution%20%3Fdistribution1%20.%0A%20%20%20%20%20%20%3Fdistribution1%20dct%3Aformat%20%3Fformat%20.%0A%20%20%20%20FILTER((CONTAINS(LCASE(STR(%3Fformat))%2C%20%22rdf%22))%20%7C%7C%20(CONTAINS(LCASE(STR(%3Fformat))%2C%20%22turtle%22))%20%7C%7C%20(CONTAINS(LCASE(STR(%3Fformat))%2C%20%22n3%22)%7C%7C%20(CONTAINS(LCASE(STR(%3Fformat))%2C%20%22jsonld%22))))%0A%20%20%20%20%20%20BIND(%3Fdataset%20AS%20%3FdatasetWithLD)%0A%20%20%20%20%7D%0A%20%7D&endpoint=https%3A%2F%2Fwww.govdata.de%2Fsparql&requestMethod=GET&tabTitle=Query&headers=%7B%7D&contentTypeConstruct=text%2Fturtle%2C*%2F*%3Bq%3D0.9&contentTypeSelect=application%2Fsparql-results%2Bjson%2C*%2F*%3Bq%3D0.9&outputFormat=table"
    },
    "text" : "Für den Vergleichszeitraum 2023 wurden 0% der neu erstellten Datensätze in einem Linked-Data-Format veröffentlicht (0 von 1043)"
  }, {
    "criterion-number" : "26",
    "title" : "Freie Lizenzen",
    "points" : "5",
    "citations" : {
      "text" : "mehr als zwei Drittel der aktualisierten Daten Zero oder BY-lizensiert",
      "link" : "https://www.govdata.de/web/guest/sparql-assistent#query=PREFIX%20rdf%3A%20%3Chttp%3A%2F%2Fwww.w3.org%2F1999%2F02%2F22-rdf-syntax-ns%23%3E%0APREFIX%20rdfs%3A%20%3Chttp%3A%2F%2Fwww.w3.org%2F2000%2F01%2Frdf-schema%23%3E%0APREFIX%20dct%3A%20%3Chttp%3A%2F%2Fpurl.org%2Fdc%2Fterms%2F%3E%0APREFIX%20dcat%3A%20%3Chttp%3A%2F%2Fwww.w3.org%2Fns%2Fdcat%23%3E%0APREFIX%20contributor%3A%20%3Chttp%3A%2F%2Fdcat-ap.de%2Fdef%2Fcontributors%2F%3E%0A%0A%20SELECT%20%0A%20%20(COUNT(DISTINCT%20%3Fdataset)%20AS%20%3Ftotal_datasets)%0A%20%20(COUNT(DISTINCT%20%3FdatasetWithZeroLicense)%20AS%20%3FdatasetsWithZeroLicense)%0A%20%20(COUNT(DISTINCT%20%3FdatasetWithByLicense)%20AS%20%3FdatasetsWithByLicense)%0A%20%20WHERE%20%7B%0A%20%20%20%20%3Fdataset%20a%20dcat%3ADataset%20.%0A%20%20%20%20%3Fdataset%20%3FcontributorIDpredicate%20contributor%3AopenGovernmentDataPortalRheinlandPfalz%20.%0A%20%20%20%20%3Fdataset%20dct%3Amodified%20%3Fmodified%20.%0A%20%20%20%20FILTER(YEAR(%3Fmodified)%20%3D%202023)%20.%0A%0A%20%20%20%20OPTIONAL%20%7B%0A%20%20%20%20%20%20%3Fdataset%20dcat%3Adistribution%20%3Fdistribution2%20.%0A%20%20%20%20%20%20%3Fdistribution2%20dct%3Alicense%20%3Flicense%20.%0A%20%20%20%20%20%20FILTER(CONTAINS(LCASE(STR(%3Flicense))%2C%20%22zero%22))%0A%20%20%20%20%20%20BIND(%3Fdataset%20AS%20%3FdatasetWithZeroLicense)%0A%20%20%20%20%7D%0A%20%20OPTIONAL%20%7B%0A%20%20%20%20%20%20%3Fdataset%20dcat%3Adistribution%20%3Fdistribution2%20.%0A%20%20%20%20%20%20%3Fdistribution2%20dct%3Alicense%20%3Flicense%20.%0A%20%20%20%20%20%20FILTER(CONTAINS(LCASE(STR(%3Flicense))%2C%20%22by%22))%0A%20%20%20%20%20%20BIND(%3Fdataset%20AS%20%3FdatasetWithByLicense)%0A%20%20%20%20%7D%0A%20%7D&endpoint=https%3A%2F%2Fwww.govdata.de%2Fsparql&requestMethod=GET&tabTitle=Query&headers=%7B%7D&contentTypeConstruct=text%2Fturtle%2C*%2F*%3Bq%3D0.9&contentTypeSelect=application%2Fsparql-results%2Bjson%2C*%2F*%3Bq%3D0.9&outputFormat=table"
    },
    "text" : "Für den Vergleichszeitraum 2023 wurden 99,75% der aktualisierten oder neuen Datensätze mit Zero oder BY-Lizenz versehen (4323 von 4434)"
  }, {
    "criterion-number" : "27",
    "title" : "Open-Data-Beauftragte",
    "points" : "0",
    "citations" : {
      "text" : "nicht vorhanden"
    }
  }, {
    "criterion-number" : "28",
    "title" : "Open-Data-Beratungsstelle",
    "points" : "0",
    "citations" : {
      "text" : "nicht vorhanden"
    }
  }, {
    "criterion-number" : "29",
    "title" : "Open-Data-Labore",
    "points" : "0",
    "citations" : {
      "text" : "nicht vorhanden"
    }
  }, {
    "criterion-number" : "30",
    "title" : "Unterstützungsangebote für Kommunen",
    "points" : "0",
    "citations" : {
      "text" : "nicht vorhanden"
    }
  }, {
    "criterion-number" : "31",
    "title" : "Öffentlichkeitsarbeit",
    "points" : "0",
    "citations" : {
      "text" : "nicht vorhanden"
    }
  }, {
    "criterion-number" : "32",
    "title" : "API/Schnittstelle",
    "points" : "0",
    "citations" : {
      "text" : "keine API",
      "link" : "https://www.datawrapper.de/_/9CgBo/"
    }
  }, {
    "criterion-number" : "33",
    "title" : "Maschinenlesbarkeit von Plenarprotokollen",
    "points" : "0",
    "citations" : {
      "text" : "keine maschinenlesbare Protokolle",
      "link" : "https://www.datawrapper.de/_/9CgBo/"
    }
  }, {
    "criterion-number" : "34",
    "title" : "Aktualität von Plenarprotokollen",
    "points" : "0",
    "citations" : {
      "text" : "Veröffentlichung dauert länger als eine Woche",
      "link" : "https://www.datawrapper.de/_/6tNWF/"
    },
    "text" : "In der letzten Legislaturperiode lagen im Median 71 Tage zwischen Sitzung und Veröffentlichung."
  } ],
  "stats" : [ 
    {
    "update" : "2024-03-15",
    "text" : "Datensätze bei GovData gesamt",
    "value" : 6497,
    "link" : "https://www.govdata.de/web/guest/sparql-assistent#query=PREFIX%20rdf%3A%20%3Chttp%3A%2F%2Fwww.w3.org%2F1999%2F02%2F22-rdf-syntax-ns%23%3E%0APREFIX%20rdfs%3A%20%3Chttp%3A%2F%2Fwww.w3.org%2F2000%2F01%2Frdf-schema%23%3E%0APREFIX%20dct%3A%20%3Chttp%3A%2F%2Fpurl.org%2Fdc%2Fterms%2F%3E%0APREFIX%20dcat%3A%20%3Chttp%3A%2F%2Fwww.w3.org%2Fns%2Fdcat%23%3E%0APREFIX%20foaf%3A%20%3Chttp%3A%2F%2Fxmlns.com%2Ffoaf%2F0.1%2F%3E%0APREFIX%20contributor%3A%20%3Chttp%3A%2F%2Fdcat-ap.de%2Fdef%2Fcontributors%2F%3E%0A%0ASELECT%20%0A%20%20(COUNT(DISTINCT%20%3Fdataset)%20AS%20%3Ftotal_datasets)%0A%20%20(COUNT(DISTINCT%20%3Fname)%20AS%20%3Ftotal_unique_publishers)%0AWHERE%20%7B%0A%20%20%3Fdataset%20a%20dcat%3ADataset%20.%0A%20%20%3Fdataset%20dct%3Apublisher%20%3Fpublisher%20.%0A%20%20%3Fpublisher%20foaf%3Aname%20%3Fname%20.%0A%20%20%3Fdataset%20%3FcontributorIDpredicate%20contributor%3AopenGovernmentDataPortalRheinlandPfalz%20.%0A%7D%0A&endpoint=https%3A%2F%2Fwww.govdata.de%2Fsparql&requestMethod=GET&tabTitle=Query&headers=%7B%7D&contentTypeConstruct=text%2Fturtle%2C*%2F*%3Bq%3D0.9&contentTypeSelect=application%2Fsparql-results%2Bjson%2C*%2F*%3Bq%3D0.9&outputFormat=table"
  }, {
    "update" : "2024-03-15",
    "text" : "Datensätze 2023 aktualisiert gesamt",
    "value" : 4334,
    "link" : "https://www.govdata.de/web/guest/sparql-assistent#query=PREFIX%20rdf%3A%20%3Chttp%3A%2F%2Fwww.w3.org%2F1999%2F02%2F22-rdf-syntax-ns%23%3E%0APREFIX%20rdfs%3A%20%3Chttp%3A%2F%2Fwww.w3.org%2F2000%2F01%2Frdf-schema%23%3E%0APREFIX%20dct%3A%20%3Chttp%3A%2F%2Fpurl.org%2Fdc%2Fterms%2F%3E%0APREFIX%20dcat%3A%20%3Chttp%3A%2F%2Fwww.w3.org%2Fns%2Fdcat%23%3E%0APREFIX%20contributor%3A%20%3Chttp%3A%2F%2Fdcat-ap.de%2Fdef%2Fcontributors%2F%3E%0A%0A%20SELECT%20%0A%20%20(COUNT(DISTINCT%20%3Fdataset)%20AS%20%3Ftotal_datasets)%0A%0A%20%20WHERE%20%7B%0A%20%20%20%20%3Fdataset%20a%20dcat%3ADataset%20.%0A%20%20%20%20%3Fdataset%20%3FcontributorIDpredicate%20contributor%3AopenGovernmentDataPortalRheinlandPfalz%20.%0A%20%20%20%20%3Fdataset%20dct%3Amodified%20%3Fmodified%20.%0A%20%20%20%20FILTER(YEAR(%3Fmodified)%20%3D%202023)%20.%0A%0A%20%7D&endpoint=https%3A%2F%2Fwww.govdata.de%2Fsparql&requestMethod=GET&tabTitle=Query&headers=%7B%7D&contentTypeConstruct=text%2Fturtle%2C*%2F*%3Bq%3D0.9&contentTypeSelect=application%2Fsparql-results%2Bjson%2C*%2F*%3Bq%3D0.9&outputFormat=table"
  }, {
    "update" : "2024-03-15",
    "text" : "Datensätze 2023 neu erstellt gesamt",
    "value" : 1043,
    "link" : "https://www.govdata.de/web/guest/sparql-assistent#query=PREFIX%20rdf%3A%20%3Chttp%3A%2F%2Fwww.w3.org%2F1999%2F02%2F22-rdf-syntax-ns%23%3E%0APREFIX%20rdfs%3A%20%3Chttp%3A%2F%2Fwww.w3.org%2F2000%2F01%2Frdf-schema%23%3E%0APREFIX%20dct%3A%20%3Chttp%3A%2F%2Fpurl.org%2Fdc%2Fterms%2F%3E%0APREFIX%20dcat%3A%20%3Chttp%3A%2F%2Fwww.w3.org%2Fns%2Fdcat%23%3E%0APREFIX%20contributor%3A%20%3Chttp%3A%2F%2Fdcat-ap.de%2Fdef%2Fcontributors%2F%3E%0A%0A%20SELECT%20%0A%20%20(COUNT(DISTINCT%20%3Fdataset)%20AS%20%3Ftotal_datasets)%0A%0A%20%20WHERE%20%7B%0A%20%20%20%20%3Fdataset%20a%20dcat%3ADataset%20.%0A%20%20%20%20%3Fdataset%20%3FcontributorIDpredicate%20contributor%3AopenGovernmentDataPortalRheinlandPfalz%20.%0A%20%20%20%20%3Fdataset%20dct%3Aissued%20%3Fissued%20.%0A%20%20%20%20FILTER(YEAR(%3Fissued)%20%3D%202023)%20.%0A%0A%20%7D&endpoint=https%3A%2F%2Fwww.govdata.de%2Fsparql&requestMethod=GET&tabTitle=Query&headers=%7B%7D&contentTypeConstruct=text%2Fturtle%2C*%2F*%3Bq%3D0.9&contentTypeSelect=application%2Fsparql-results%2Bjson%2C*%2F*%3Bq%3D0.9&outputFormat=table"
  }, {
    "update" : "2024-03-15",
    "text" : "Datensätze 2023 aktualisiert in Formaten CSV/XML/JSON",
    "value" : 0,
    "link" : "https://www.govdata.de/web/guest/sparql-assistent#query=PREFIX%20rdf%3A%20%3Chttp%3A%2F%2Fwww.w3.org%2F1999%2F02%2F22-rdf-syntax-ns%23%3E%0APREFIX%20rdfs%3A%20%3Chttp%3A%2F%2Fwww.w3.org%2F2000%2F01%2Frdf-schema%23%3E%0APREFIX%20dct%3A%20%3Chttp%3A%2F%2Fpurl.org%2Fdc%2Fterms%2F%3E%0APREFIX%20dcat%3A%20%3Chttp%3A%2F%2Fwww.w3.org%2Fns%2Fdcat%23%3E%0APREFIX%20contributor%3A%20%3Chttp%3A%2F%2Fdcat-ap.de%2Fdef%2Fcontributors%2F%3E%0A%0A%20SELECT%20%0A%20%20(COUNT(DISTINCT%20%3Fdataset)%20AS%20%3Ftotal_datasets)%0A%20%20(COUNT(DISTINCT%20%3FdatasetWithPDF)%20AS%20%3FdatasetsWithPDF)%0A%20%20(COUNT(DISTINCT%20%3FdatasetWithXLS)%20AS%20%3FdatasetsWithXLS)%0A%20%20(COUNT(DISTINCT%20%3FdatasetWithCSVXMLJSON)%20AS%20%3FdatasetsWithCSVXMLJSON)%0A%20%20(COUNT(DISTINCT%20%3FdatasetWithLD)%20AS%20%3FdatasetsWithLD)%0A%0A%0A%20%20WHERE%20%7B%0A%20%20%20%20%3Fdataset%20a%20dcat%3ADataset%20.%0A%20%20%20%20%3Fdataset%20%3FcontributorIDpredicate%20contributor%3AopenGovernmentDataPortalRheinlandPfalz%20.%0A%20%20%20%20%3Fdataset%20dct%3Amodified%20%3Fmodified%20.%0A%20%20%20%20FILTER(YEAR(%3Fmodified)%20%3D%202023)%20.%0A%0A%20%20%20%20OPTIONAL%20%7B%0A%20%20%20%20%20%20%3Fdataset%20dcat%3Adistribution%20%3Fdistribution1%20.%0A%20%20%20%20%20%20%3Fdistribution1%20dct%3Aformat%20%3Fformat%20.%0A%20%20%20%20%20%20FILTER(CONTAINS(LCASE(STR(%3Fformat))%2C%20%22pdf%22))%0A%20%20%20%20%20%20BIND(%3Fdataset%20AS%20%3FdatasetWithPDF)%0A%20%20%20%20%7D%0A%20%20%20%20OPTIONAL%20%7B%0A%20%20%20%20%20%20%3Fdataset%20dcat%3Adistribution%20%3Fdistribution1%20.%0A%20%20%20%20%20%20%3Fdistribution1%20dct%3Aformat%20%3Fformat%20.%0A%20%20%20%20%20%20FILTER(CONTAINS(LCASE(STR(%3Fformat))%2C%20%22xls%22))%0A%20%20%20%20%20%20BIND(%3Fdataset%20AS%20%3FdatasetWithXLS)%0A%20%20%20%20%7D%0A%20%20%20%20OPTIONAL%20%7B%0A%20%20%20%20%20%20%3Fdataset%20dcat%3Adistribution%20%3Fdistribution1%20.%0A%20%20%20%20%20%20%3Fdistribution1%20dct%3Aformat%20%3Fformat%20.%0A%20%20%20%20%20%20FILTER(CONTAINS(LCASE(STR(%3Fformat))%2C%20%22csv%22)%7C%7C%20CONTAINS(LCASE(STR(%3Fformat))%2C%20%22xml%22)%20%7C%7C%20CONTAINS(LCASE(STR(%3Fformat))%2C%20%22json%22))%0A%20%20%20%20%20%20BIND(%3Fdataset%20AS%20%3FdatasetWithCSVXMLJSON)%0A%20%20%20%20%7D%0A%20%20%20OPTIONAL%20%7B%0A%20%20%20%20%20%20%3Fdataset%20dcat%3Adistribution%20%3Fdistribution1%20.%0A%20%20%20%20%20%20%3Fdistribution1%20dct%3Aformat%20%3Fformat%20.%0A%20%20%20%20FILTER((CONTAINS(LCASE(STR(%3Fformat))%2C%20%22rdf%22))%20%7C%7C%20(CONTAINS(LCASE(STR(%3Fformat))%2C%20%22turtle%22))%20%7C%7C%20(CONTAINS(LCASE(STR(%3Fformat))%2C%20%22n3%22)%7C%7C%20(CONTAINS(LCASE(STR(%3Fformat))%2C%20%22jsonld%22))))%0A%20%20%20%20%20%20BIND(%3Fdataset%20AS%20%3FdatasetWithLD)%0A%20%20%20%20%7D%0A%20%7D&endpoint=https%3A%2F%2Fwww.govdata.de%2Fsparql&requestMethod=GET&tabTitle=Query&headers=%7B%7D&contentTypeConstruct=text%2Fturtle%2C*%2F*%3Bq%3D0.9&contentTypeSelect=application%2Fsparql-results%2Bjson%2C*%2F*%3Bq%3D0.9&outputFormat=table"
  }, {
    "update" : "2024-03-15",
    "text" : "Datensätze 2023 in Linked-Data-Formaten bereitgestellt",
    "value" : 0,
    "link" : "https://www.govdata.de/web/guest/sparql-assistent#query=PREFIX%20rdf%3A%20%3Chttp%3A%2F%2Fwww.w3.org%2F1999%2F02%2F22-rdf-syntax-ns%23%3E%0APREFIX%20rdfs%3A%20%3Chttp%3A%2F%2Fwww.w3.org%2F2000%2F01%2Frdf-schema%23%3E%0APREFIX%20dct%3A%20%3Chttp%3A%2F%2Fpurl.org%2Fdc%2Fterms%2F%3E%0APREFIX%20dcat%3A%20%3Chttp%3A%2F%2Fwww.w3.org%2Fns%2Fdcat%23%3E%0APREFIX%20contributor%3A%20%3Chttp%3A%2F%2Fdcat-ap.de%2Fdef%2Fcontributors%2F%3E%0A%0A%20SELECT%20%0A%20%20(COUNT(DISTINCT%20%3Fdataset)%20AS%20%3Ftotal_datasets)%0A%20%20(COUNT(DISTINCT%20%3FdatasetWithLD)%20AS%20%3FdatasetsWithLD)%0A%0A%0A%20%20WHERE%20%7B%0A%20%20%20%20%3Fdataset%20a%20dcat%3ADataset%20.%0A%20%20%20%20%3Fdataset%20%3FcontributorIDpredicate%20contributor%3AopenGovernmentDataPortalRheinlandPfalz%20.%0A%20%20%20%20%3Fdataset%20dct%3Amodified%20%3Fmodified%20.%0A%20%20%20%20FILTER(YEAR(%3Fmodified)%20%3D%202023)%20.%0A%0A%20%20%0A%20%20%20OPTIONAL%20%7B%0A%20%20%20%20%20%20%3Fdataset%20dcat%3Adistribution%20%3Fdistribution1%20.%0A%20%20%20%20%20%20%3Fdistribution1%20dct%3Aformat%20%3Fformat%20.%0A%20%20%20%20FILTER((CONTAINS(LCASE(STR(%3Fformat))%2C%20%22rdf%22))%20%7C%7C%20(CONTAINS(LCASE(STR(%3Fformat))%2C%20%22turtle%22))%20%7C%7C%20(CONTAINS(LCASE(STR(%3Fformat))%2C%20%22n3%22)%7C%7C%20(CONTAINS(LCASE(STR(%3Fformat))%2C%20%22jsonld%22))))%0A%20%20%20%20%20%20BIND(%3Fdataset%20AS%20%3FdatasetWithLD)%0A%20%20%20%20%7D%0A%20%7D&endpoint=https%3A%2F%2Fwww.govdata.de%2Fsparql&requestMethod=GET&tabTitle=Query&headers=%7B%7D&contentTypeConstruct=text%2Fturtle%2C*%2F*%3Bq%3D0.9&contentTypeSelect=application%2Fsparql-results%2Bjson%2C*%2F*%3Bq%3D0.9&outputFormat=table"
  }, {
    "update" : "2024-03-15",
    "text" : "Datensätze 2023 aktualisiert mit Zero-Lizenz",
    "value" : 1642,
    "link" : "https://www.govdata.de/web/guest/sparql-assistent#query=PREFIX%20rdf%3A%20%3Chttp%3A%2F%2Fwww.w3.org%2F1999%2F02%2F22-rdf-syntax-ns%23%3E%0APREFIX%20rdfs%3A%20%3Chttp%3A%2F%2Fwww.w3.org%2F2000%2F01%2Frdf-schema%23%3E%0APREFIX%20dct%3A%20%3Chttp%3A%2F%2Fpurl.org%2Fdc%2Fterms%2F%3E%0APREFIX%20dcat%3A%20%3Chttp%3A%2F%2Fwww.w3.org%2Fns%2Fdcat%23%3E%0APREFIX%20contributor%3A%20%3Chttp%3A%2F%2Fdcat-ap.de%2Fdef%2Fcontributors%2F%3E%0A%0A%20SELECT%20%0A%20%20(COUNT(DISTINCT%20%3Fdataset)%20AS%20%3Ftotal_datasets)%0A%20%20(COUNT(DISTINCT%20%3FdatasetWithZeroLicense)%20AS%20%3FdatasetsWithZeroLicense)%0A%20%20(COUNT(DISTINCT%20%3FdatasetWithByLicense)%20AS%20%3FdatasetsWithByLicense)%0A%20%20WHERE%20%7B%0A%20%20%20%20%3Fdataset%20a%20dcat%3ADataset%20.%0A%20%20%20%20%3Fdataset%20%3FcontributorIDpredicate%20contributor%3AopenGovernmentDataPortalRheinlandPfalz%20.%0A%20%20%20%20%3Fdataset%20dct%3Amodified%20%3Fmodified%20.%0A%20%20%20%20FILTER(YEAR(%3Fmodified)%20%3D%202023)%20.%0A%0A%20%20%20%20OPTIONAL%20%7B%0A%20%20%20%20%20%20%3Fdataset%20dcat%3Adistribution%20%3Fdistribution2%20.%0A%20%20%20%20%20%20%3Fdistribution2%20dct%3Alicense%20%3Flicense%20.%0A%20%20%20%20%20%20FILTER(CONTAINS(LCASE(STR(%3Flicense))%2C%20%22zero%22))%0A%20%20%20%20%20%20BIND(%3Fdataset%20AS%20%3FdatasetWithZeroLicense)%0A%20%20%20%20%7D%0A%20%20OPTIONAL%20%7B%0A%20%20%20%20%20%20%3Fdataset%20dcat%3Adistribution%20%3Fdistribution2%20.%0A%20%20%20%20%20%20%3Fdistribution2%20dct%3Alicense%20%3Flicense%20.%0A%20%20%20%20%20%20FILTER(CONTAINS(LCASE(STR(%3Flicense))%2C%20%22by%22))%0A%20%20%20%20%20%20BIND(%3Fdataset%20AS%20%3FdatasetWithByLicense)%0A%20%20%20%20%7D%0A%20%7D&endpoint=https%3A%2F%2Fwww.govdata.de%2Fsparql&requestMethod=GET&tabTitle=Query&headers=%7B%7D&contentTypeConstruct=text%2Fturtle%2C*%2F*%3Bq%3D0.9&contentTypeSelect=application%2Fsparql-results%2Bjson%2C*%2F*%3Bq%3D0.9&outputFormat=table"
  }, {
    "update" : "2024-03-15",
    "text" : "Datensätze 2023 aktualisiert mit BY-Lizenz",
    "value" : 2681,
    "link" : "https://www.govdata.de/web/guest/sparql-assistent#query=PREFIX%20rdf%3A%20%3Chttp%3A%2F%2Fwww.w3.org%2F1999%2F02%2F22-rdf-syntax-ns%23%3E%0APREFIX%20rdfs%3A%20%3Chttp%3A%2F%2Fwww.w3.org%2F2000%2F01%2Frdf-schema%23%3E%0APREFIX%20dct%3A%20%3Chttp%3A%2F%2Fpurl.org%2Fdc%2Fterms%2F%3E%0APREFIX%20dcat%3A%20%3Chttp%3A%2F%2Fwww.w3.org%2Fns%2Fdcat%23%3E%0APREFIX%20contributor%3A%20%3Chttp%3A%2F%2Fdcat-ap.de%2Fdef%2Fcontributors%2F%3E%0A%0A%20SELECT%20%0A%20%20(COUNT(DISTINCT%20%3Fdataset)%20AS%20%3Ftotal_datasets)%0A%20%20(COUNT(DISTINCT%20%3FdatasetWithZeroLicense)%20AS%20%3FdatasetsWithZeroLicense)%0A%20%20(COUNT(DISTINCT%20%3FdatasetWithByLicense)%20AS%20%3FdatasetsWithByLicense)%0A%20%20WHERE%20%7B%0A%20%20%20%20%3Fdataset%20a%20dcat%3ADataset%20.%0A%20%20%20%20%3Fdataset%20%3FcontributorIDpredicate%20contributor%3AopenGovernmentDataPortalRheinlandPfalz%20.%0A%20%20%20%20%3Fdataset%20dct%3Amodified%20%3Fmodified%20.%0A%20%20%20%20FILTER(YEAR(%3Fmodified)%20%3D%202023)%20.%0A%0A%20%20%20%20OPTIONAL%20%7B%0A%20%20%20%20%20%20%3Fdataset%20dcat%3Adistribution%20%3Fdistribution2%20.%0A%20%20%20%20%20%20%3Fdistribution2%20dct%3Alicense%20%3Flicense%20.%0A%20%20%20%20%20%20FILTER(CONTAINS(LCASE(STR(%3Flicense))%2C%20%22zero%22))%0A%20%20%20%20%20%20BIND(%3Fdataset%20AS%20%3FdatasetWithZeroLicense)%0A%20%20%20%20%7D%0A%20%20OPTIONAL%20%7B%0A%20%20%20%20%20%20%3Fdataset%20dcat%3Adistribution%20%3Fdistribution2%20.%0A%20%20%20%20%20%20%3Fdistribution2%20dct%3Alicense%20%3Flicense%20.%0A%20%20%20%20%20%20FILTER(CONTAINS(LCASE(STR(%3Flicense))%2C%20%22by%22))%0A%20%20%20%20%20%20BIND(%3Fdataset%20AS%20%3FdatasetWithByLicense)%0A%20%20%20%20%7D%0A%20%7D&endpoint=https%3A%2F%2Fwww.govdata.de%2Fsparql&requestMethod=GET&tabTitle=Query&headers=%7B%7D&contentTypeConstruct=text%2Fturtle%2C*%2F*%3Bq%3D0.9&contentTypeSelect=application%2Fsparql-results%2Bjson%2C*%2F*%3Bq%3D0.9&outputFormat=table"
  } ]
}