{
  "meta": {
    "name": "Open Data Ranking 2024",
    "description": "Dataset containing the data for the 16 federal states and the federal government of the Open Data Ranking Germany 2024",
    "author": "Open Knowledge Foundation Deutschland",
    "email": "opendata@okfn.de",
    "url": "https://www.OpenDataRanking.de",
    "license": "CC-BY-4.0"
  },
    "name": "Schleswig-Holstein",
    "short": "SH",
    "criteria": [
      {
        "criterion-number": "1",
        "title": "Rechtsanspruch auf Open Data",
        "points": "0",
        "citations": {
          "text": "§2 Abs. 2 ODaG",
          "link": "https://www.gesetze-rechtsprechung.sh.juris.de/bssh/document/jlr-OpenDataGSHpP2"
        },
        "text": "Ein Anspruch auf Bereitstellung unbearbeiteter Daten wird durch das Gesetz nicht begründet"
      },
      {
        "criterion-number": "2",
        "title": "Gesetzeslage",
        "points": "2",
        "citations": {
          "text": [
            "EGovG (2022[2009])",
            "ODaG (2022)"
          ],
          "link": [
            "https://www.gesetze-rechtsprechung.sh.juris.de/bssh/document/jlr-EGovGSH2009V4IVZ",
            "https://www.gesetze-rechtsprechung.sh.juris.de/perma?j=OpenDataG_SH"
          ]
        },
        "text": "Open-Data-Gesetz"
      },
      {
        "criterion-number": "3",
        "title": "Evaluation",
        "points": "1",
        "citations": {
          "text": "§7 ODaG",
          "link": "https://www.gesetze-rechtsprechung.sh.juris.de/perma?j=OpenDataG_SH_!_7"
        },
        "text": "alle vier Jahre"
      },
      {
        "criterion-number": "4",
        "title": "Behördendefinition",
        "points": "1",
        "citations": {
          "text": "§2 Abs. 1 ODaG",
          "link": "https://www.gesetze-rechtsprechung.sh.juris.de/bssh/document/jlr-OpenDataGSHpP2"
        },
        "text": "Träger der öffentlichen Verwaltung können, Landesbehörden sollen veröffentlichen"
      },
      {
        "criterion-number": "5",
        "title": "Anstalten, Körperschaften, Unternehmen",
        "points": "0",
        "citations": {
          "text": "keine Erwähnung"
        },
        "text": "nicht explizit"
      },
      {
        "criterion-number": "6",
        "title": "Forschungsdaten",
        "points": "2",
        "citations": {
          "text": "§2 Abs. 3, Satz 8 ODaG",
          "link": "https://www.gesetze-rechtsprechung.sh.juris.de/bssh/document/jlr-OpenDataGSHpP2"
        },
        "text": "soweit die Bereitstellung nicht die Forschungsfreiheit beeinträchtigt würde"
      },
      {
        "criterion-number": "7",
        "title": "Ausnahmen",
        "points": "1",
        "citations": {
          "text": "§2 Abs. 1, Sätze a-c ODaG",
          "link": "https://www.gesetze-rechtsprechung.sh.juris.de/bssh/document/jlr-OpenDataGSHpP2"
        },
        "text": "Parlament; Justiz, Landesrechnungshof"
      },
      {
        "criterion-number": "8",
        "title": "Pauschale Ausschlusskriterien",
        "points": "1",
        "citations": {
          "text": "§2 Abs. 3 Sätze 1-11 ODaG",
          "link": "https://gesetze.berlin.de/bsbe/document/jlr-OpenDataBerVBEpP5"
        },
        "text": "Einschränkungen aus IFG; Betriebsgeheimnise; Informationen über gentechnische Anlagen; Informationen über den Schutz kerntechnischer Anlagen"
      },
      {
        "criterion-number": "9",
        "title": "Datenkatalog",
        "points": "2",
        "citations": {
          "text": "§3 ODaG",
          "link": "https://www.gesetze-rechtsprechung.sh.juris.de/bssh/document/jlr-OpenDataGSHpP3"
        }
      },
      {
        "criterion-number": "10",
        "title": "Rohdaten",
        "points": "1",
        "citations": {
          "text": "§3 Abs. 2 ODaG",
          "link": "https://www.gesetze-rechtsprechung.sh.juris.de/bssh/document/jlr-OpenDataGSHpP3"
        },
        "text": "Unbearbeitete Daten, bzw. alle nicht schützenswerten, digitalen Daten"
      },
      {
        "criterion-number": "11",
        "title": "Daten im Auftrag von Dritten",
        "points": "1",
        "citations": {
          "text": "§3 Abs. 2 ODaG",
          "link": "https://www.gesetze-rechtsprechung.sh.juris.de/bssh/document/jlr-OpenDataGSHpP3"
        }
      },
      {
        "criterion-number": "12",
        "title": "Offenheit",
        "points": "1",
        "citations": {
          "text": "§5 Abs. 1 ODaG",
          "link": "https://www.gesetze-rechtsprechung.sh.juris.de/bssh/document/jlr-OpenDataGSHpP5"
        }
      },
      {
        "criterion-number": "13",
        "title": "Maschinenlesbarkeit",
        "points": "1",
        "citations": {
          "text": "§5 Abs. 1 ODaG",
          "link": "https://www.gesetze-rechtsprechung.sh.juris.de/bssh/document/jlr-OpenDataGSHpP5"
        }
      },
      {
        "criterion-number": "14",
        "title": "Aktualität",
        "points": "1",
        "citations": {
          "text": "§5 Abs. 1 ODaG",
          "link": "https://www.gesetze-rechtsprechung.sh.juris.de/bssh/document/jlr-OpenDataGSHpP5"
        },
        "text": "Bei dynamischen Daten müssen auch \\\"Zwischenstände als Massendownload bereitgestellt werden\\\""
      },
      {
        "criterion-number": "15",
        "title": "Dauerhaftigkeit",
        "points": "1",
        "citations": {
          "text": "§1 Abs. 2 ODaG",
          "link": "https://www.gesetze-rechtsprechung.sh.juris.de/bssh/document/jlr-OpenDataGSHpP1"
        }
      },
      {
        "criterion-number": "16",
        "title": "Lizenz",
        "points": "1",
        "citations": {
          "text": "§5 Abs. 1 ODaG",
          "link": "https://www.gesetze-rechtsprechung.sh.juris.de/bssh/document/jlr-OpenDataGSHpP5"
        },
        "text": "Gemeinfrei, andernfalls unbeschränkt unter freier Lizenz. Keine landesspezifischen Lizenzen"
      },
      {
        "criterion-number": "17",
        "title": "Schnittstellen",
        "points": "1",
        "citations": {
          "text": "§4 Abs. 2 ODaG",
          "link": "https://gesetze.berlin.de/bsbe/document/jlr-OpenDataBerVBEpP6"
        },
        "text": "Das Open-Data-Portal soll mit anderen Portalen, die offene Daten bereitstellen, verknüpft werden und eine offene Schnittstelle enthalten"
      },
      {
        "criterion-number": "18",
        "title": "Diskriminierungsfreiheit",
        "points": "1",
        "citations": {
          "text": "§4 Abs. 2 ODaG",
          "link": "https://www.gesetze-rechtsprechung.sh.juris.de/bssh/document/jlr-OpenDataGSHpP4"
        }
      },
      {
        "criterion-number": "19",
        "title": "Kostenfreiheit",
        "points": "1",
        "citations": {
          "text": "§4 Abs. 2 ODaG",
          "link": "https://www.gesetze-rechtsprechung.sh.juris.de/bssh/document/jlr-OpenDataGSHpP4"
        }
      },
      {
        "criterion-number": "20",
        "title": "Portal für Open Data",
        "points": "6",
        "citations": {
          "text": "Open-Data Schleswig Holstein",
          "link": "https://opendata.schleswig-holstein.de/dataset"
        }
      },
      {
        "criterion-number": "21",
        "title": "Portal-Schnittstellen",
        "points": "3",
        "citations": {
          "text": "Schnittstellenbeschreibung",
          "link": "https://opendata.schleswig-holstein.de/infos/"
        }
      },
      {
        "criterion-number": "22",
        "title": "API mit Dokumentation",
        "points": "3",
        "citations": {
          "text": "API-Dokumentation",
          "link": "https://opendata.schleswig-holstein.de/entwickler/"
        }
      },
      {
        "criterion-number": "23",
        "title": "SPARQL-Abfragen",
        "points": "0",
        "citations": {
          "text": "nicht vorhanden"
        }
      },
      {
        "criterion-number": "24",
        "title": "Aktualität der Daten",
        "points": "5",
        "citations": {
          "text": "mehr als ein Drittel des Datenbestands aktualisiert",
          "link": "https://www.govdata.de/web/guest/sparql-assistent#query=PREFIX%20rdf%3A%20%3Chttp%3A%2F%2Fwww.w3.org%2F1999%2F02%2F22-rdf-syntax-ns%23%3E%0APREFIX%20rdfs%3A%20%3Chttp%3A%2F%2Fwww.w3.org%2F2000%2F01%2Frdf-schema%23%3E%0APREFIX%20dct%3A%20%3Chttp%3A%2F%2Fpurl.org%2Fdc%2Fterms%2F%3E%0APREFIX%20dcat%3A%20%3Chttp%3A%2F%2Fwww.w3.org%2Fns%2Fdcat%23%3E%0APREFIX%20contributor%3A%20%3Chttp%3A%2F%2Fdcat-ap.de%2Fdef%2Fcontributors%2F%3E%0A%0A%20SELECT%20%0A%20%20(COUNT(DISTINCT%20%3Fdataset)%20AS%20%3Ftotal_datasets)%0A%0A%20%20WHERE%20%7B%0A%20%20%20%20%3Fdataset%20a%20dcat%3ADataset%20.%0A%20%20%20%20%3Fdataset%20%3FcontributorIDpredicate%20contributor%3AschleswigHolstein%20.%0A%20%20%20%20%3Fdataset%20dct%3Amodified%20%3Fmodified%20.%0A%20%20%20%20FILTER(YEAR(%3Fmodified)%20%3D%202023)%20.%0A%0A%20%7D&endpoint=https%3A%2F%2Fwww.govdata.de%2Fsparql&requestMethod=GET&tabTitle=Query&headers=%7B%7D&contentTypeConstruct=text%2Fturtle%2C*%2F*%3Bq%3D0.9&contentTypeSelect=application%2Fsparql-results%2Bjson%2C*%2F*%3Bq%3D0.9&outputFormat=table"
        },
        "text": "Für den Vergleichszeitraum 2023 wurden 43,86% auf das Gesamtdatenvorkommen bezogen neu erstellt oder bearbeitet (10379 von 23665)"
      },
      {
        "criterion-number": "25",
        "title": "Linked Data",
        "points": "2",
        "citations": {
          "text": "es wurden Linked Data veröffentlicht",
          "link": "https://www.govdata.de/web/guest/sparql-assistent#query=PREFIX%20rdf%3A%20%3Chttp%3A%2F%2Fwww.w3.org%2F1999%2F02%2F22-rdf-syntax-ns%23%3E%0APREFIX%20rdfs%3A%20%3Chttp%3A%2F%2Fwww.w3.org%2F2000%2F01%2Frdf-schema%23%3E%0APREFIX%20dct%3A%20%3Chttp%3A%2F%2Fpurl.org%2Fdc%2Fterms%2F%3E%0APREFIX%20dcat%3A%20%3Chttp%3A%2F%2Fwww.w3.org%2Fns%2Fdcat%23%3E%0APREFIX%20contributor%3A%20%3Chttp%3A%2F%2Fdcat-ap.de%2Fdef%2Fcontributors%2F%3E%0A%0A%20SELECT%20%0A%20%20(COUNT(DISTINCT%20%3Fdataset)%20AS%20%3Ftotal_datasets)%0A%20%20(COUNT(DISTINCT%20%3FdatasetWithLD)%20AS%20%3FdatasetsWithLD)%0A%0A%0A%20%20WHERE%20%7B%0A%20%20%20%20%3Fdataset%20a%20dcat%3ADataset%20.%0A%20%20%20%20%3Fdataset%20%3FcontributorIDpredicate%20contributor%3AschleswigHolstein%20.%0A%20%20%20%20%3Fdataset%20dct%3Amodified%20%3Fmodified%20.%0A%20%20%20%20FILTER(YEAR(%3Fmodified)%20%3D%202023)%20.%0A%0A%20%20%20OPTIONAL%20%7B%0A%20%20%20%20%20%20%3Fdataset%20dcat%3Adistribution%20%3Fdistribution1%20.%0A%20%20%20%20%20%20%3Fdistribution1%20dct%3Aformat%20%3Fformat%20.%0A%20%20%20%20FILTER((CONTAINS(LCASE(STR(%3Fformat))%2C%20%22rdf%22))%20%7C%7C%20(CONTAINS(LCASE(STR(%3Fformat))%2C%20%22turtle%22))%20%7C%7C%20(CONTAINS(LCASE(STR(%3Fformat))%2C%20%22n3%22)%7C%7C%20(CONTAINS(LCASE(STR(%3Fformat))%2C%20%22jsonld%22))))%0A%20%20%20%20%20%20BIND(%3Fdataset%20AS%20%3FdatasetWithLD)%0A%20%20%20%20%7D%0A%20%7D&endpoint=https%3A%2F%2Fwww.govdata.de%2Fsparql&requestMethod=GET&tabTitle=Query&headers=%7B%7D&contentTypeConstruct=text%2Fturtle%2C*%2F*%3Bq%3D0.9&contentTypeSelect=application%2Fsparql-results%2Bjson%2C*%2F*%3Bq%3D0.9&outputFormat=table"
        },
        "text": "Für den Vergleichszeitraum 2023 wurden 0,49% der neu erstellten Datensätze in einem Linked-Data-Format veröffentlicht (45 von 9220)"
      },
      {
        "criterion-number": "26",
        "title": "Freie Lizenzen",
        "points": "5",
        "citations": {
          "text": "mehr als zwei Drittel der aktualisierten Daten Zero oder BY-lizensiert",
          "link": "https://www.govdata.de/web/guest/sparql-assistent#query=PREFIX%20rdf%3A%20%3Chttp%3A%2F%2Fwww.w3.org%2F1999%2F02%2F22-rdf-syntax-ns%23%3E%0APREFIX%20rdfs%3A%20%3Chttp%3A%2F%2Fwww.w3.org%2F2000%2F01%2Frdf-schema%23%3E%0APREFIX%20dct%3A%20%3Chttp%3A%2F%2Fpurl.org%2Fdc%2Fterms%2F%3E%0APREFIX%20dcat%3A%20%3Chttp%3A%2F%2Fwww.w3.org%2Fns%2Fdcat%23%3E%0APREFIX%20contributor%3A%20%3Chttp%3A%2F%2Fdcat-ap.de%2Fdef%2Fcontributors%2F%3E%0A%0A%20SELECT%20%0A%20%20(COUNT(DISTINCT%20%3Fdataset)%20AS%20%3Ftotal_datasets)%0A%20%20(COUNT(DISTINCT%20%3FdatasetWithZeroLicense)%20AS%20%3FdatasetsWithZeroLicense)%0A%20%20(COUNT(DISTINCT%20%3FdatasetWithByLicense)%20AS%20%3FdatasetsWithByLicense)%0A%20%20WHERE%20%7B%0A%20%20%20%20%3Fdataset%20a%20dcat%3ADataset%20.%0A%20%20%20%20%3Fdataset%20%3FcontributorIDpredicate%20contributor%3AschleswigHolstein%20.%0A%20%20%20%20%3Fdataset%20dct%3Amodified%20%3Fmodified%20.%0A%20%20%20%20FILTER(YEAR(%3Fmodified)%20%3D%202023)%20.%0A%0A%20%20%20%20OPTIONAL%20%7B%0A%20%20%20%20%20%20%3Fdataset%20dcat%3Adistribution%20%3Fdistribution2%20.%0A%20%20%20%20%20%20%3Fdistribution2%20dct%3Alicense%20%3Flicense%20.%0A%20%20%20%20%20%20FILTER(CONTAINS(LCASE(STR(%3Flicense))%2C%20%22zero%22))%0A%20%20%20%20%20%20BIND(%3Fdataset%20AS%20%3FdatasetWithZeroLicense)%0A%20%20%20%20%7D%0A%20%20OPTIONAL%20%7B%0A%20%20%20%20%20%20%3Fdataset%20dcat%3Adistribution%20%3Fdistribution2%20.%0A%20%20%20%20%20%20%3Fdistribution2%20dct%3Alicense%20%3Flicense%20.%0A%20%20%20%20%20%20FILTER(CONTAINS(LCASE(STR(%3Flicense))%2C%20%22by%22))%0A%20%20%20%20%20%20BIND(%3Fdataset%20AS%20%3FdatasetWithByLicense)%0A%20%20%20%20%7D%0A%20%7D&endpoint=https%3A%2F%2Fwww.govdata.de%2Fsparql&requestMethod=GET&tabTitle=Query&headers=%7B%7D&contentTypeConstruct=text%2Fturtle%2C*%2F*%3Bq%3D0.9&contentTypeSelect=application%2Fsparql-results%2Bjson%2C*%2F*%3Bq%3D0.9&outputFormat=table"
        },
        "text": "Für den Vergleichszeitraum 2023 wurden 97,41% der aktualisierten oder neuen Datensätze mit Zero oder BY-Lizenz versehen (10110 von 10379)"
      },
      {
        "criterion-number": "27",
        "title": "Open-Data-Beauftragte",
        "points": "0",
        "citations": {
          "text": "nicht vorhanden"
        }
      },
      {
        "criterion-number": "28",
        "title": "Open-Data-Beratungsstelle",
        "points": "2",
        "citations": {
          "text": "§4 Abs. 4,5 ODaG",
          "link": "https://www.gesetze-rechtsprechung.sh.juris.de/bssh/document/jlr-OpenDataGSHpP4"
        },
        "text": "Open Data Leitstelle"
      },
      {
        "criterion-number": "29",
        "title": "Open-Data-Labore",
        "points": "2",
        "citations": {
          "text": "Open Data Leitstelle",
          "link": "https://opendata.schleswig-holstein.de"
        },
        "text": "Open-Data-Leistelle mit Projekten u.a. im aktuellen [4. NAP OGP](https://www.open-government-deutschland.de/opengov-de/ogp/aktionsplaene-und-berichte/4-nap/oeffentlich-bereitgestellte-daten-als-linked-open-data-verpflichtung-schleswig-holstein--2225528?view=)"
      },
      {
        "criterion-number": "30",
        "title": "Unterstützungsangebote für Kommunen",
        "points": "1",
        "citations": {
          "text": "über die Leitstelle",
          "link": "https://opendata.schleswig-holstein.de/leitfaden/"
        }
      },
      {
        "criterion-number": "31",
        "title": "Öffentlichkeitsarbeit",
        "points": "2",
        "citations": {
          "text": "exemplarisch Digitale Woche Kiel",
          "link": "https://digitalewochekiel.de/programm/01hqqgv2p917ahfchjpgwe84w7"
        },
        "text": "Teilnahme an Barcamps und gemeinsame Workshops mit der Community"
      },
      {
        "criterion-number": "32",
        "title": "API/Schnittstelle",
        "points": "0",
        "citations": {
          "text": "keine API",
          "link": "https://www.datawrapper.de/_/9CgBo/"
        }
      },
      {
        "criterion-number": "33",
        "title": "Maschinenlesbarkeit von Plenarprotokollen",
        "points": "0",
        "citations": {
          "text": "keine maschinenlesbare Protokolle",
          "link": "https://www.datawrapper.de/_/9CgBo/"
        }
      },
      {
        "criterion-number": "34",
        "title": "Aktualität von Plenarprotokollen",
        "points": "0",
        "citations": {
          "text": "Veröffentlichung dauert länger als eine Woche",
          "link": "https://www.datawrapper.de/_/6tNWF/"
        },
        "text": "In der letzten Legislaturperiode lagen im Median 13 Tage zwischen Sitzung und Veröffentlichung."
      }
    ],
    "stats": [
      {
        "update": "2024-03-15",
        "text": "Datensätze bei GovData gesamt",
        "value": 23665,
        "link": "https://www.govdata.de/web/guest/sparql-assistent#query=PREFIX%20rdf%3A%20%3Chttp%3A%2F%2Fwww.w3.org%2F1999%2F02%2F22-rdf-syntax-ns%23%3E%0APREFIX%20rdfs%3A%20%3Chttp%3A%2F%2Fwww.w3.org%2F2000%2F01%2Frdf-schema%23%3E%0APREFIX%20dct%3A%20%3Chttp%3A%2F%2Fpurl.org%2Fdc%2Fterms%2F%3E%0APREFIX%20dcat%3A%20%3Chttp%3A%2F%2Fwww.w3.org%2Fns%2Fdcat%23%3E%0APREFIX%20foaf%3A%20%3Chttp%3A%2F%2Fxmlns.com%2Ffoaf%2F0.1%2F%3E%0APREFIX%20contributor%3A%20%3Chttp%3A%2F%2Fdcat-ap.de%2Fdef%2Fcontributors%2F%3E%0A%0ASELECT%20%0A%20%20(COUNT(DISTINCT%20%3Fdataset)%20AS%20%3Ftotal_datasets)%0A%20%20(COUNT(DISTINCT%20%3Fname)%20AS%20%3Ftotal_unique_publishers)%0AWHERE%20%7B%0A%20%20%3Fdataset%20a%20dcat%3ADataset%20.%0A%20%20%3Fdataset%20dct%3Apublisher%20%3Fpublisher%20.%0A%20%20%3Fpublisher%20foaf%3Aname%20%3Fname%20.%0A%20%20%3Fdataset%20%3FcontributorIDpredicate%20contributor%3AschleswigHolstein%20.%0A%7D%0A&endpoint=https%3A%2F%2Fwww.govdata.de%2Fsparql&requestMethod=GET&tabTitle=Query&headers=%7B%7D&contentTypeConstruct=text%2Fturtle%2C*%2F*%3Bq%3D0.9&contentTypeSelect=application%2Fsparql-results%2Bjson%2C*%2F*%3Bq%3D0.9&outputFormat=table"
      },
      {
        "update": "2024-03-15",
        "text": "Datensätze 2023 aktualisiert gesamt",
        "value": 10379,
        "link": "https://www.govdata.de/web/guest/sparql-assistent#query=PREFIX%20rdf%3A%20%3Chttp%3A%2F%2Fwww.w3.org%2F1999%2F02%2F22-rdf-syntax-ns%23%3E%0APREFIX%20rdfs%3A%20%3Chttp%3A%2F%2Fwww.w3.org%2F2000%2F01%2Frdf-schema%23%3E%0APREFIX%20dct%3A%20%3Chttp%3A%2F%2Fpurl.org%2Fdc%2Fterms%2F%3E%0APREFIX%20dcat%3A%20%3Chttp%3A%2F%2Fwww.w3.org%2Fns%2Fdcat%23%3E%0APREFIX%20contributor%3A%20%3Chttp%3A%2F%2Fdcat-ap.de%2Fdef%2Fcontributors%2F%3E%0A%0A%20SELECT%20%0A%20%20(COUNT(DISTINCT%20%3Fdataset)%20AS%20%3Ftotal_datasets)%0A%0A%20%20WHERE%20%7B%0A%20%20%20%20%3Fdataset%20a%20dcat%3ADataset%20.%0A%20%20%20%20%3Fdataset%20%3FcontributorIDpredicate%20contributor%3AschleswigHolstein%20.%0A%20%20%20%20%3Fdataset%20dct%3Amodified%20%3Fmodified%20.%0A%20%20%20%20FILTER(YEAR(%3Fmodified)%20%3D%202023)%20.%0A%0A%20%7D&endpoint=https%3A%2F%2Fwww.govdata.de%2Fsparql&requestMethod=GET&tabTitle=Query&headers=%7B%7D&contentTypeConstruct=text%2Fturtle%2C*%2F*%3Bq%3D0.9&contentTypeSelect=application%2Fsparql-results%2Bjson%2C*%2F*%3Bq%3D0.9&outputFormat=table"
      },
      {
        "update": "2024-03-15",
        "text": "Datensätze 2023 neu erstellt gesamt",
        "value": 9220,
        "link": "https://www.govdata.de/web/guest/sparql-assistent#query=PREFIX%20rdf%3A%20%3Chttp%3A%2F%2Fwww.w3.org%2F1999%2F02%2F22-rdf-syntax-ns%23%3E%0APREFIX%20rdfs%3A%20%3Chttp%3A%2F%2Fwww.w3.org%2F2000%2F01%2Frdf-schema%23%3E%0APREFIX%20dct%3A%20%3Chttp%3A%2F%2Fpurl.org%2Fdc%2Fterms%2F%3E%0APREFIX%20dcat%3A%20%3Chttp%3A%2F%2Fwww.w3.org%2Fns%2Fdcat%23%3E%0APREFIX%20contributor%3A%20%3Chttp%3A%2F%2Fdcat-ap.de%2Fdef%2Fcontributors%2F%3E%0A%0A%20SELECT%20%0A%20%20(COUNT(DISTINCT%20%3Fdataset)%20AS%20%3Ftotal_datasets)%0A%0A%20%20WHERE%20%7B%0A%20%20%20%20%3Fdataset%20a%20dcat%3ADataset%20.%0A%20%20%20%20%3Fdataset%20%3FcontributorIDpredicate%20contributor%3AschleswigHolstein%20.%0A%20%20%20%20%3Fdataset%20dct%3Aissued%20%3Fissued%20.%0A%20%20%20%20FILTER(YEAR(%3Fissued)%20%3D%202023)%20.%0A%0A%20%7D&endpoint=https%3A%2F%2Fwww.govdata.de%2Fsparql&requestMethod=GET&tabTitle=Query&headers=%7B%7D&contentTypeConstruct=text%2Fturtle%2C*%2F*%3Bq%3D0.9&contentTypeSelect=application%2Fsparql-results%2Bjson%2C*%2F*%3Bq%3D0.9&outputFormat=table"
      },
      {
        "update": "2024-03-15",
        "text": "Datensätze 2023 aktualisiert in Formaten CSV/XML/JSON",
        "value": 8599,
        "link": "https://www.govdata.de/web/guest/sparql-assistent#query=PREFIX%20rdf%3A%20%3Chttp%3A%2F%2Fwww.w3.org%2F1999%2F02%2F22-rdf-syntax-ns%23%3E%0APREFIX%20rdfs%3A%20%3Chttp%3A%2F%2Fwww.w3.org%2F2000%2F01%2Frdf-schema%23%3E%0APREFIX%20dct%3A%20%3Chttp%3A%2F%2Fpurl.org%2Fdc%2Fterms%2F%3E%0APREFIX%20dcat%3A%20%3Chttp%3A%2F%2Fwww.w3.org%2Fns%2Fdcat%23%3E%0APREFIX%20contributor%3A%20%3Chttp%3A%2F%2Fdcat-ap.de%2Fdef%2Fcontributors%2F%3E%0A%0A%20SELECT%20%0A%20%20(COUNT(DISTINCT%20%3Fdataset)%20AS%20%3Ftotal_datasets)%0A%20%20(COUNT(DISTINCT%20%3FdatasetWithPDF)%20AS%20%3FdatasetsWithPDF)%0A%20%20(COUNT(DISTINCT%20%3FdatasetWithXLS)%20AS%20%3FdatasetsWithXLS)%0A%20%20(COUNT(DISTINCT%20%3FdatasetWithCSVXMLJSON)%20AS%20%3FdatasetsWithCSVXMLJSON)%0A%20%20(COUNT(DISTINCT%20%3FdatasetWithLD)%20AS%20%3FdatasetsWithLD)%0A%0A%0A%20%20WHERE%20%7B%0A%20%20%20%20%3Fdataset%20a%20dcat%3ADataset%20.%0A%20%20%20%20%3Fdataset%20%3FcontributorIDpredicate%20contributor%3AschleswigHolstein%20.%0A%20%20%20%20%3Fdataset%20dct%3Amodified%20%3Fmodified%20.%0A%20%20%20%20FILTER(YEAR(%3Fmodified)%20%3D%202023)%20.%0A%0A%20%20%20%20OPTIONAL%20%7B%0A%20%20%20%20%20%20%3Fdataset%20dcat%3Adistribution%20%3Fdistribution1%20.%0A%20%20%20%20%20%20%3Fdistribution1%20dct%3Aformat%20%3Fformat%20.%0A%20%20%20%20%20%20FILTER(CONTAINS(LCASE(STR(%3Fformat))%2C%20%22pdf%22))%0A%20%20%20%20%20%20BIND(%3Fdataset%20AS%20%3FdatasetWithPDF)%0A%20%20%20%20%7D%0A%20%20%20%20OPTIONAL%20%7B%0A%20%20%20%20%20%20%3Fdataset%20dcat%3Adistribution%20%3Fdistribution1%20.%0A%20%20%20%20%20%20%3Fdistribution1%20dct%3Aformat%20%3Fformat%20.%0A%20%20%20%20%20%20FILTER(CONTAINS(LCASE(STR(%3Fformat))%2C%20%22xls%22))%0A%20%20%20%20%20%20BIND(%3Fdataset%20AS%20%3FdatasetWithXLS)%0A%20%20%20%20%7D%0A%20%20%20%20OPTIONAL%20%7B%0A%20%20%20%20%20%20%3Fdataset%20dcat%3Adistribution%20%3Fdistribution1%20.%0A%20%20%20%20%20%20%3Fdistribution1%20dct%3Aformat%20%3Fformat%20.%0A%20%20%20%20%20%20FILTER(CONTAINS(LCASE(STR(%3Fformat))%2C%20%22csv%22)%7C%7C%20CONTAINS(LCASE(STR(%3Fformat))%2C%20%22xml%22)%20%7C%7C%20CONTAINS(LCASE(STR(%3Fformat))%2C%20%22json%22))%0A%20%20%20%20%20%20BIND(%3Fdataset%20AS%20%3FdatasetWithCSVXMLJSON)%0A%20%20%20%20%7D%0A%20%20%20OPTIONAL%20%7B%0A%20%20%20%20%20%20%3Fdataset%20dcat%3Adistribution%20%3Fdistribution1%20.%0A%20%20%20%20%20%20%3Fdistribution1%20dct%3Aformat%20%3Fformat%20.%0A%20%20%20%20FILTER((CONTAINS(LCASE(STR(%3Fformat))%2C%20%22rdf%22))%20%7C%7C%20(CONTAINS(LCASE(STR(%3Fformat))%2C%20%22turtle%22))%20%7C%7C%20(CONTAINS(LCASE(STR(%3Fformat))%2C%20%22n3%22)%7C%7C%20(CONTAINS(LCASE(STR(%3Fformat))%2C%20%22jsonld%22))))%0A%20%20%20%20%20%20BIND(%3Fdataset%20AS%20%3FdatasetWithLD)%0A%20%20%20%20%7D%0A%20%7D&endpoint=https%3A%2F%2Fwww.govdata.de%2Fsparql&requestMethod=GET&tabTitle=Query&headers=%7B%7D&contentTypeConstruct=text%2Fturtle%2C*%2F*%3Bq%3D0.9&contentTypeSelect=application%2Fsparql-results%2Bjson%2C*%2F*%3Bq%3D0.9&outputFormat=table"
      },
      {
        "update": "2024-03-15",
        "text": "Datensätze 2023 in Linked-Data-Formaten bereitgestellt",
        "value": 45,
        "link": "https://www.govdata.de/web/guest/sparql-assistent#query=PREFIX%20rdf%3A%20%3Chttp%3A%2F%2Fwww.w3.org%2F1999%2F02%2F22-rdf-syntax-ns%23%3E%0APREFIX%20rdfs%3A%20%3Chttp%3A%2F%2Fwww.w3.org%2F2000%2F01%2Frdf-schema%23%3E%0APREFIX%20dct%3A%20%3Chttp%3A%2F%2Fpurl.org%2Fdc%2Fterms%2F%3E%0APREFIX%20dcat%3A%20%3Chttp%3A%2F%2Fwww.w3.org%2Fns%2Fdcat%23%3E%0APREFIX%20contributor%3A%20%3Chttp%3A%2F%2Fdcat-ap.de%2Fdef%2Fcontributors%2F%3E%0A%0A%20SELECT%20%0A%20%20(COUNT(DISTINCT%20%3Fdataset)%20AS%20%3Ftotal_datasets)%0A%20%20(COUNT(DISTINCT%20%3FdatasetWithLD)%20AS%20%3FdatasetsWithLD)%0A%0A%0A%20%20WHERE%20%7B%0A%20%20%20%20%3Fdataset%20a%20dcat%3ADataset%20.%0A%20%20%20%20%3Fdataset%20%3FcontributorIDpredicate%20contributor%3AschleswigHolstein%20.%0A%20%20%20%20%3Fdataset%20dct%3Amodified%20%3Fmodified%20.%0A%20%20%20%20FILTER(YEAR(%3Fmodified)%20%3D%202023)%20.%0A%0A%20%20%20OPTIONAL%20%7B%0A%20%20%20%20%20%20%3Fdataset%20dcat%3Adistribution%20%3Fdistribution1%20.%0A%20%20%20%20%20%20%3Fdistribution1%20dct%3Aformat%20%3Fformat%20.%0A%20%20%20%20FILTER((CONTAINS(LCASE(STR(%3Fformat))%2C%20%22rdf%22))%20%7C%7C%20(CONTAINS(LCASE(STR(%3Fformat))%2C%20%22turtle%22))%20%7C%7C%20(CONTAINS(LCASE(STR(%3Fformat))%2C%20%22n3%22)%7C%7C%20(CONTAINS(LCASE(STR(%3Fformat))%2C%20%22jsonld%22))))%0A%20%20%20%20%20%20BIND(%3Fdataset%20AS%20%3FdatasetWithLD)%0A%20%20%20%20%7D%0A%20%7D&endpoint=https%3A%2F%2Fwww.govdata.de%2Fsparql&requestMethod=GET&tabTitle=Query&headers=%7B%7D&contentTypeConstruct=text%2Fturtle%2C*%2F*%3Bq%3D0.9&contentTypeSelect=application%2Fsparql-results%2Bjson%2C*%2F*%3Bq%3D0.9&outputFormat=table"
      },
      {
        "update": "2024-03-15",
        "text": "Datensätze 2023 aktualisiert mit Zero-Lizenz",
        "value": 235,
        "link": "https://www.govdata.de/web/guest/sparql-assistent#query=PREFIX%20rdf%3A%20%3Chttp%3A%2F%2Fwww.w3.org%2F1999%2F02%2F22-rdf-syntax-ns%23%3E%0APREFIX%20rdfs%3A%20%3Chttp%3A%2F%2Fwww.w3.org%2F2000%2F01%2Frdf-schema%23%3E%0APREFIX%20dct%3A%20%3Chttp%3A%2F%2Fpurl.org%2Fdc%2Fterms%2F%3E%0APREFIX%20dcat%3A%20%3Chttp%3A%2F%2Fwww.w3.org%2Fns%2Fdcat%23%3E%0APREFIX%20contributor%3A%20%3Chttp%3A%2F%2Fdcat-ap.de%2Fdef%2Fcontributors%2F%3E%0A%0A%20SELECT%20%0A%20%20(COUNT(DISTINCT%20%3Fdataset)%20AS%20%3Ftotal_datasets)%0A%20%20(COUNT(DISTINCT%20%3FdatasetWithZeroLicense)%20AS%20%3FdatasetsWithZeroLicense)%0A%20%20(COUNT(DISTINCT%20%3FdatasetWithByLicense)%20AS%20%3FdatasetsWithByLicense)%0A%20%20WHERE%20%7B%0A%20%20%20%20%3Fdataset%20a%20dcat%3ADataset%20.%0A%20%20%20%20%3Fdataset%20%3FcontributorIDpredicate%20contributor%3AschleswigHolstein%20.%0A%20%20%20%20%3Fdataset%20dct%3Amodified%20%3Fmodified%20.%0A%20%20%20%20FILTER(YEAR(%3Fmodified)%20%3D%202023)%20.%0A%0A%20%20%20%20OPTIONAL%20%7B%0A%20%20%20%20%20%20%3Fdataset%20dcat%3Adistribution%20%3Fdistribution2%20.%0A%20%20%20%20%20%20%3Fdistribution2%20dct%3Alicense%20%3Flicense%20.%0A%20%20%20%20%20%20FILTER(CONTAINS(LCASE(STR(%3Flicense))%2C%20%22zero%22))%0A%20%20%20%20%20%20BIND(%3Fdataset%20AS%20%3FdatasetWithZeroLicense)%0A%20%20%20%20%7D%0A%20%20OPTIONAL%20%7B%0A%20%20%20%20%20%20%3Fdataset%20dcat%3Adistribution%20%3Fdistribution2%20.%0A%20%20%20%20%20%20%3Fdistribution2%20dct%3Alicense%20%3Flicense%20.%0A%20%20%20%20%20%20FILTER(CONTAINS(LCASE(STR(%3Flicense))%2C%20%22by%22))%0A%20%20%20%20%20%20BIND(%3Fdataset%20AS%20%3FdatasetWithByLicense)%0A%20%20%20%20%7D%0A%20%7D&endpoint=https%3A%2F%2Fwww.govdata.de%2Fsparql&requestMethod=GET&tabTitle=Query&headers=%7B%7D&contentTypeConstruct=text%2Fturtle%2C*%2F*%3Bq%3D0.9&contentTypeSelect=application%2Fsparql-results%2Bjson%2C*%2F*%3Bq%3D0.9&outputFormat=table"
      },
      {
        "update": "2024-03-15",
        "text": "Datensätze 2023 aktualisiert mit BY-Lizenz",
        "value": 9875,
        "link": "https://www.govdata.de/web/guest/sparql-assistent#query=PREFIX%20rdf%3A%20%3Chttp%3A%2F%2Fwww.w3.org%2F1999%2F02%2F22-rdf-syntax-ns%23%3E%0APREFIX%20rdfs%3A%20%3Chttp%3A%2F%2Fwww.w3.org%2F2000%2F01%2Frdf-schema%23%3E%0APREFIX%20dct%3A%20%3Chttp%3A%2F%2Fpurl.org%2Fdc%2Fterms%2F%3E%0APREFIX%20dcat%3A%20%3Chttp%3A%2F%2Fwww.w3.org%2Fns%2Fdcat%23%3E%0APREFIX%20contributor%3A%20%3Chttp%3A%2F%2Fdcat-ap.de%2Fdef%2Fcontributors%2F%3E%0A%0A%20SELECT%20%0A%20%20(COUNT(DISTINCT%20%3Fdataset)%20AS%20%3Ftotal_datasets)%0A%20%20(COUNT(DISTINCT%20%3FdatasetWithZeroLicense)%20AS%20%3FdatasetsWithZeroLicense)%0A%20%20(COUNT(DISTINCT%20%3FdatasetWithByLicense)%20AS%20%3FdatasetsWithByLicense)%0A%20%20WHERE%20%7B%0A%20%20%20%20%3Fdataset%20a%20dcat%3ADataset%20.%0A%20%20%20%20%3Fdataset%20%3FcontributorIDpredicate%20contributor%3AschleswigHolstein%20.%0A%20%20%20%20%3Fdataset%20dct%3Amodified%20%3Fmodified%20.%0A%20%20%20%20FILTER(YEAR(%3Fmodified)%20%3D%202023)%20.%0A%0A%20%20%20%20OPTIONAL%20%7B%0A%20%20%20%20%20%20%3Fdataset%20dcat%3Adistribution%20%3Fdistribution2%20.%0A%20%20%20%20%20%20%3Fdistribution2%20dct%3Alicense%20%3Flicense%20.%0A%20%20%20%20%20%20FILTER(CONTAINS(LCASE(STR(%3Flicense))%2C%20%22zero%22))%0A%20%20%20%20%20%20BIND(%3Fdataset%20AS%20%3FdatasetWithZeroLicense)%0A%20%20%20%20%7D%0A%20%20OPTIONAL%20%7B%0A%20%20%20%20%20%20%3Fdataset%20dcat%3Adistribution%20%3Fdistribution2%20.%0A%20%20%20%20%20%20%3Fdistribution2%20dct%3Alicense%20%3Flicense%20.%0A%20%20%20%20%20%20FILTER(CONTAINS(LCASE(STR(%3Flicense))%2C%20%22by%22))%0A%20%20%20%20%20%20BIND(%3Fdataset%20AS%20%3FdatasetWithByLicense)%0A%20%20%20%20%7D%0A%20%7D&endpoint=https%3A%2F%2Fwww.govdata.de%2Fsparql&requestMethod=GET&tabTitle=Query&headers=%7B%7D&contentTypeConstruct=text%2Fturtle%2C*%2F*%3Bq%3D0.9&contentTypeSelect=application%2Fsparql-results%2Bjson%2C*%2F*%3Bq%3D0.9&outputFormat=table"
      }
    ]
  }