{
  "meta": {
    "name": "Open Data Ranking 2024",
    "description": "Dataset containing the data for the 16 federal states and the federal government of the Open Data Ranking Germany 2024",
    "author": "Open Knowledge Foundation Deutschland",
    "email": "opendata@okfn.de",
    "url": "https://www.OpenDataRanking.de",
    "license": "CC-BY-4.0"
  },
  "name" : "Thüringen",
  "short" : "TH",
  "criteria" : [ 
    {
    "criterion-number" : "1",
    "title" : "Rechtsanspruch auf Open Data",
    "points" : "0",
    "citations" : {
      "text" : "§4 Abs. 1 ThürTG",
      "link" : "https://landesrecht.thueringen.de/bsth/document/jlr-TranspGTHpP4"
    },
    "text" : "Kein expliziter Anspruch auf die Veröffentlichung bestimmter Informationen"
  }, {
    "criterion-number" : "2",
    "title" : "Gesetzeslage",
    "points" : "2",
    "citations" : {
      "text" : [ "ThürTG (2019)", "ThürEGovG (2023[2018])" ],
      "link" : [ "https://landesrecht.thueringen.de/perma?j=TranspG_TH", "https://landesrecht.thueringen.de/perma?j=EGovG_TH" ]
    },
    "text" : "E-Government-Gesetz und Landestransparenzgesetz mit Open-Data-Einsprengseln"
  }, {
    "criterion-number" : "3",
    "title" : "Evaluation",
    "points" : "1",
    "citations" : {
      "text" : "§22 ThürTG",
      "link" : "https://landesrecht.thueringen.de/bsth/document/jlr-TranspGTHpP22/part/S"
    },
    "text" : "Vier Jahre nach erscheinen, aber nur für Transparenzgesetz"
  }, {
    "criterion-number" : "4",
    "title" : "Behördendefinition",
    "points" : "1",
    "citations" : {
      "text" : "§1 Abs. 1-2 ThürTG",
      "link" : "https://landesrecht.thueringen.de/bsth/document/jlr-TranspGTHpP1"
    },
    "text" : "Gilt nur für ThürTG - Öffentliche Stellen inklusive Gemeinde, sowie andere die öffentlich-rechtliche Aufgaben wahrnehmen."
  }, {
    "criterion-number" : "5",
    "title" : "Anstalten, Körperschaften, Unternehmen",
    "points" : "0",
    "citations" : {
      "text" : "keine Erwähnung"
    }
  }, {
    "criterion-number" : "6",
    "title" : "Forschungsdaten",
    "points" : "0",
    "citations" : {
      "text" : "keine Erwähnung"
    }
  }, {
    "criterion-number" : "7",
    "title" : "Ausnahmen",
    "points" : "1",
    "citations" : {
      "text" : "§2 Abs. 3-7 ThürTG",
      "link" : "https://landesrecht.thueringen.de/bsth/document/jlr-TranspGTHpP2"
    },
    "text" : "Einschränkungen bei Justiz, ÖRR, Hochschulen, Betriebe im Wettbewerb, grundlagen– und anwendungsorientierte Forschung"
  }, {
    "criterion-number" : "8",
    "title" : "Pauschale Ausschlusskriterien",
    "points" : "2",
    "citations" : {
      "text" : "§12, 13 ThürTG",
      "link" : "https://landesrecht.thueringen.de/bsth/document/jlr-TranspGTHpP12"
    },
    "text" : "Breite Auflistung von Ausnahmen zum Schutz öffentlicher Belange und privater Interessen"
  }, {
    "criterion-number" : "9",
    "title" : "Datenkatalog",
    "points" : "1",
    "citations" : {
      "text" : "§6 Abs. 3 ThürTG",
      "link" : "https://landesrecht.thueringen.de/bsth/document/jlr-TranspGTHpP6"
    },
    "text" : "Aufzählung von auskunftspflichtigen Informationen"
  }, {
    "criterion-number" : "10",
    "title" : "Rohdaten",
    "points" : "0",
    "citations" : {
      "text" : "keine Erwähnung"
    }
  }, {
    "criterion-number" : "11",
    "title" : "Daten im Auftrag von Dritten",
    "points" : "0",
    "citations" : {
      "text" : "keine Erwähnung"
    }
  }, {
    "criterion-number" : "12",
    "title" : "Offenheit",
    "points" : "1",
    "citations" : {
      "text" : "§22 Abs. 1 ThürEGovG",
      "link" : "https://landesrecht.thueringen.de/bsth/document/jlr-EGovGTHpP22"
    },
    "text" : "Wenn Behörden Daten bereitstellen, dann möglichst offen"
  }, {
    "criterion-number" : "13",
    "title" : "Maschinenlesbarkeit",
    "points" : "1",
    "citations" : {
      "text" : "§22 Abs. 1 ThürEGovG",
      "link" : "https://landesrecht.thueringen.de/bsth/document/jlr-EGovGTHpP22"
    },
    "text" : "Wenn Behörden Daten bereitstellen, dann grundsätzlich in maschinenlesbaren Formaten"
  }, {
    "criterion-number" : "14",
    "title" : "Aktualität",
    "points" : "0",
    "citations" : {
      "text" : "keine Erwähnung"
    }
  }, {
    "criterion-number" : "15",
    "title" : "Dauerhaftigkeit",
    "points" : "1",
    "citations" : {
      "text" : "§7 Abs. 8 ThürTG",
      "link" : "https://landesrecht.thueringen.de/bsth/document/jlr-TranspGTHpP7"
    },
    "text" : "Informationen mindestens 10 Jahre vorgehalten"
  }, {
    "criterion-number" : "16",
    "title" : "Lizenz",
    "points" : "1",
    "citations" : {
      "text" : "§7 Abs. 9 ThürTG",
      "link" : "https://landesrecht.thueringen.de/bsth/document/jlr-TranspGTHpP7"
    },
    "text" : "Keine Lizenz genannt aber Nutzung und Weiterverwendung frei"
  }, {
    "criterion-number" : "17",
    "title" : "Schnittstellen",
    "points" : "0",
    "citations" : {
      "text" : "keine Erwähnung"
    }
  }, {
    "criterion-number" : "18",
    "title" : "Diskriminierungsfreiheit",
    "points" : "1",
    "citations" : {
      "text" : "§4 Abs. 1 ThürTG",
      "link" : "https://landesrecht.thueringen.de/bsth/document/jlr-TranspGTHpP4"
    },
    "text" : "kostenloser Zugang zum Transparenzportal, ohne Registrierung"
  }, {
    "criterion-number" : "19",
    "title" : "Kostenfreiheit",
    "points" : "1",
    "citations" : {
      "text" : "§4 Abs. 1 ThürTG",
      "link" : "https://landesrecht.thueringen.de/bsth/document/jlr-TranspGTHpP4"
    }
  }, {
    "criterion-number" : "20",
    "title" : "Portal für Open Data",
    "points" : "3",
    "citations" : {
      "text" : "Thüringer Transparenzportal",
      "link" : "https://verwaltung.thueringen.de/ttp"
    }
  }, {
    "criterion-number" : "21",
    "title" : "Portal-Schnittstellen",
    "points" : "0",
    "citations" : {
      "text" : "nicht vorhanden"
    }
  }, {
    "criterion-number" : "22",
    "title" : "API mit Dokumentation",
    "points" : "0",
    "citations" : {
      "text" : "nicht vorhanden"
    }
  }, {
    "criterion-number" : "23",
    "title" : "SPARQL-Abfragen",
    "points" : "0",
    "citations" : {
      "text" : "nicht vorhanden"
    }
  }, {
    "criterion-number" : "24",
    "title" : "Aktualität der Daten",
    "points" : "0",
    "citations" : {
      "text" : "nicht vorhanden"
    }
  }, {
    "criterion-number" : "25",
    "title" : "Linked Data",
    "points" : "0",
    "citations" : {
      "text" : "nicht vorhanden"
    }
  }, {
    "criterion-number" : "26",
    "title" : "Freie Lizenzen",
    "points" : "0",
    "citations" : {
      "text" : "nicht vorhanden"
    }
  }, {
    "criterion-number" : "27",
    "title" : "Open-Data-Beauftragte",
    "points" : "0",
    "citations" : {
      "text" : "nicht vorhanden"
    }
  }, {
    "criterion-number" : "28",
    "title" : "Open-Data-Beratungsstelle",
    "points" : "0",
    "citations" : {
      "text" : "nicht vorhanden"
    }
  }, {
    "criterion-number" : "29",
    "title" : "Open-Data-Labore",
    "points" : "0",
    "citations" : {
      "text" : "nicht vorhanden"
    }
  }, {
    "criterion-number" : "30",
    "title" : "Unterstützungsangebote für Kommunen",
    "points" : "0",
    "citations" : {
      "text" : "nicht vorhanden"
    }
  }, {
    "criterion-number" : "31",
    "title" : "Öffentlichkeitsarbeit",
    "points" : "0",
    "citations" : {
      "text" : "nicht vorhanden"
    }
  }, {
    "criterion-number" : "32",
    "title" : "API/Schnittstelle",
    "points" : "0",
    "citations" : {
      "text" : "keine API",
      "link" : "https://www.datawrapper.de/_/9CgBo/"
    }
  }, {
    "criterion-number" : "33",
    "title" : "Maschinenlesbarkeit von Plenarprotokollen",
    "points" : "0",
    "citations" : {
      "text" : "keine maschinenlesbare Protokolle",
      "link" : "https://www.datawrapper.de/_/9CgBo/"
    }
  }, {
    "criterion-number" : "34",
    "title" : "Aktualität von Plenarprotokollen",
    "points" : "1",
    "citations" : {
      "text" : "Veröffentlichung dauert unter einer Woche",
      "link" : "https://www.datawrapper.de/_/6tNWF/"
    },
    "text" : "In der letzten Legislaturperiode lagen im Median 6 Tage zwischen Sitzung und Veröffentlichung."
  } ],
  "stats" : [ 
    {
    "update" : "2024-03-15",
    "text" : "Datensätze bei GovData gesamt",
    "value" : 0
  }, {
    "update" : "2024-03-15",
    "text" : "Datensätze 2023 aktualisiert gesamt",
    "value" : 0
  }, {
    "update" : "2024-03-15",
    "text" : "Datensätze 2023 neu erstellt gesamt",
    "value" : 0
  }, {
    "update" : "2024-03-15",
    "text" : "Datensätze 2023 aktualisiert in Formaten CSV/XML/JSON",
    "value" : 0
  }, {
    "update" : "2024-03-15",
    "text" : "Datensätze 2023 in Linked-Data-Formaten bereitgestellt",
    "value" : 0
  }, {
    "update" : "2024-03-15",
    "text" : "Datensätze 2023 aktualisiert mit Zero-Lizenz",
    "value" : 0
  }, {
    "update" : "2024-03-15",
    "text" : "Datensätze 2023 aktualisiert mit BY-Lizenz",
    "value" : 0
  } ]
}